topics,date,substring,substring1
שינויים בתקציב לשנת 2016 ,2016-02-15,"הכנסת העשרים

מושב שני

פרוטוקול מס' 274

מישיבת ועדת הכספים

יום שני, ו' באדר א התשע""ו (15 בפברואר 2016), שעה 11:40

סדר היום:

שינויים בתק", 12:10.
דיון על שינויים בתקציב והעברות עודפים - דיון עקרוני  ,2016-05-03,"הכנסת העשרים

מושב שני

פרוטוקול מס' 340

מישיבת ועדת הכספים

יום שלישי, כ""ה בניסן התשע""ו (03 במאי 2016), שעה 10:00

סדר היום:

דיון על שינו", 12:25.
שינויים בתקציב לשנת 2016 ,2016-05-30,"הכנסת העשרים

מושב שני

פרוטוקול מס' 349

מישיבת ועדת הכספים

יום שני, כ""ב באייר התשע""ו (30 במאי 2016), שעה 11:25

סדר היום:

שינויים בתקציב", 12:21.
שינויים בתקציב לשנת 2016 ,2016-05-31,"הכנסת העשרים

מושב שני

פרוטוקול מס' 352

מישיבת ועדת הכספים

יום שלישי, כ""ג באייר התשע""ו (31 במאי 2016), שעה 11:00

סדר היום:

שינויים בתקצ",ה 11:10
שינויים בתקציב לשנת 2016 - פניות לוועדה 21-22 - בקשות לדיון מחדש  ,2016-06-14,"הכנסת העשרים

מושב שני

פרוטוקול מס' 378

מישיבת ועדת הכספים

יום שלישי, ח' בסיון התשע""ו (14 ביוני 2016), שעה 12:05

סדר היום:

שינויים בתקצ", 12:06.
שינויים בתקציב לשנת 2016 ,2016-06-14,"הכנסת העשרים

מושב שני

פרוטוקול מס' 374

מישיבת ועדת הכספים

יום שלישי, ח' בסיון התשע""ו (14 ביוני 2016), שעה 10:04

סדר היום:

שינויים בתקצ", 11:30.
שינויים בתקציב לשנת 2016 ,2016-06-28,"הכנסת העשרים

מושב שני

פרוטוקול מס' 396

מישיבת ועדת הכספים

יום שלישי, כ""ב בסיון התשע""ו (28 ביוני 2016), שעה 12:20

סדר היום:

שינויים בתק", 14:15.
שינויים בתקציב לשנת 2016 ,2016-07-04,"הכנסת העשרים

מושב שני

פרוטוקול מס' 402

מישיבת ועדת הכספים

יום שני, כ""ח בסיון התשע""ו (04 ביולי 2016), שעה 13:05

סדר היום:

שינויים בתקצי", 14:02.
שינויים בתקציב לשנת 2016 ,2016-07-11,"הכנסת העשרים

מושב שני

פרוטוקול מס' 411

מישיבת ועדת הכספים

יום שני, ה' בתמוז התשע""ו (11 ביולי 2016), שעה 15:20

סדר היום:

שינויים בתקציב", 15:23.
שינויים בתקציב לשנת 2016 ,2016-07-11,"הכנסת העשרים

מושב שני

פרוטוקול מס' 410

מישיבת ועדת הכספים

יום שני, ה' בתמוז התשע""ו (11 ביולי 2016), שעה 11:45

סדר היום:

שינויים בתקציב", 14:50.
שינויים בתקציב לשנת 2016 ,2016-07-18,"הכנסת העשרים

מושב שני

פרוטוקול מס' 418

מישיבת ועדת הכספים

יום שני, י""ב בתמוז התשע""ו (18 ביולי 2016), שעה 10:00

סדר היום:

שינויים בתקצי", 11:35.
שינויים בתקציב לשנת 2016 ,2016-07-25,"הכנסת העשרים

מושב שני

פרוטוקול מס' 425

מישיבת ועדת הכספים

יום שני, י""ט בתמוז התשע""ו (25 ביולי 2016), שעה 13:44

סדר היום:

שינויים בתקצי", 14:25.
שינויים בתקציב לשנת 2016 ,2016-07-25,"הכנסת העשרים

מושב שני

פרוטוקול מס' 426

מישיבת ועדת הכספים

יום שני, י""ט בתמוז התשע""ו (25 ביולי 2016), שעה 15:20

סדר היום:

שינויים בתקצי", 15:22.
שינויים בתקציב הכנסת בשנת 2016. ,2016-08-01,"הכנסת העשרים

מושב שני

פרוטוקול מס' 4

מישיבת הוועדה המשותפת לתקציב הכנסת

יום שני, כ""ו בתמוז התשע""ו (01 באוגוסט 2016), שעה 12:00

סדר היום", 12:40.
שינויים בתקציב לשנת 2016 ,2016-08-08,"הכנסת העשרים

מושב שני

פרוטוקול מס' 446

מישיבת ועדת הכספים

יום שני, ד' באב התשע""ו (08 באוגוסט 2016), שעה 12:15

סדר היום:

שינויים בתקציב", 13:45.
שינויים בתקציב לשנת 2016 ,2016-08-15,"הכנסת העשרים

מושב שני

פרוטוקול מס' 447

מישיבת ועדת הכספים

יום שני, י""א באב התשע""ו (15 באוגוסט 2016), שעה 10:00

סדר היום:

שינויים בתקצי", 10:25.
שינויים בתקציב לשנת 2016 ,2016-08-16,"הכנסת העשרים

מושב שני

פרוטוקול מס' 451

מישיבת ועדת הכספים

יום שלישי, י""ב באב התשע""ו (16 באוגוסט 2016), שעה 14:00

סדר היום:

שינויים בתק", 15:45.
שינויים בתקציב לשנת 2016 ,2016-09-18,"הכנסת העשרים

מושב שני

פרוטוקול מס' 459

מישיבת ועדת הכספים

יום ראשון, ט""ו באלול התשע""ו (18 בספטמבר 2016), שעה 11:00

סדר היום:

שינויים ב", 14:20.
שינויים בתקציב לשנת 2016 ,2016-09-26,"הכנסת העשרים

מושב שני

פרוטוקול מס' 462

מישיבת ועדת הכספים

יום שני, כ""ג באלול התשע""ו (26 בספטמבר 2016), שעה 10:20

סדר היום:

שינויים בתק", 12:45.
שינויים בתקציב לשנת 2016 ,2016-10-06,"הכנסת העשרים

מושב שני

פרוטוקול מס' 467

מישיבת ועדת הכספים

יום חמישי, ד' בתשרי התשע""ז (06 באוקטובר 2016), שעה 12:40

סדר היום:

שינויים ב", 13:33.
שינויים בתקציב לשנת 2016 ,2016-10-27,"הכנסת העשרים

מושב שני

פרוטוקול מס' 472

מישיבת ועדת הכספים

יום חמישי, כ""ה בתשרי התשע""ז (27 באוקטובר 2016), שעה 14:26

סדר היום:

שינויים ", 15:36.
שינויים בתקציב לשנת 2016 ,2016-11-01,"הכנסת העשרים

מושב שני

פרוטוקול מס' 479

מישיבת ועדת הכספים

יום שלישי, ל' בתשרי התשע""ז (01 בנובמבר 2016), שעה 15:30

סדר היום:

שינויים בת", 16:00.
שינויים בתקציב לשנת 2016 ,2016-11-02,"הכנסת העשרים

מושב שני

פרוטוקול מס' 478

מישיבת ועדת הכספים

יום רביעי, א' בחשון התשע""ז (02 בנובמבר 2016), שעה 11:25

סדר היום:

שינויים בת", 11:41.
שינויים בתקציב לשנת 2016 ,2016-11-07,"הכנסת העשרים

מושב שלישי

פרוטוקול מס' 482

מישיבת ועדת הכספים

יום שני, ו' בחשון התשע""ז (07 בנובמבר 2016), שעה 13:25

סדר היום:

שינויים בת", 15:00.
שינויים בתקציב לשנת 2016 ,2016-11-13,"הכנסת העשרים

מושב שלישי

פרוטוקול מס' 488

מישיבת ועדת הכספים

יום רביעי, ח' בחשון התשע""ז (09 בנובמבר 2016), שעה 10:40

סדר היום:

שינויים ", 13:30.
שינויים בתקציב לשנת 2016 ,2016-11-14,"הכנסת העשרים

מושב שלישי

פרוטוקול מס' 490, פרוטוקול מס' 491

מישיבת ועדת הכספים

יום שני, י""ג בחשון התשע""ז (14 בנובמבר 2016), שעה 12:00

סד", 14:39.
שינויים בתקציב לשנת 2016 ,2016-11-15,"הכנסת העשרים

מושב שלישי

פרוטוקול מס' 496

מישיבת ועדת הכספים

יום שלישי, י""ד בחשון התשע""ז (15 בנובמבר 2016), שעה 13:20

סדר היום:

שינויים", 14:15.
שינויים בתקציב לשנת 2016 ,2016-11-16,"הכנסת העשרים

מושב שלישי

פרוטוקול מס' 498

מישיבת ועדת הכספים

יום רביעי, ט""ו בחשון התשע""ז (16 בנובמבר 2016), שעה 11:05

סדר היום:

שינויים", 11:25.
שינויים בתקציב לשנת 2016 ,2016-11-21,"הכנסת העשרים

מושב שלישי

פרוטוקול מס' 502

מישיבת ועדת הכספים

יום שני, כ' בחשון התשע""ז (21 בנובמבר 2016), שעה 14:00

סדר היום:

שינויים בת", 14:45.
שינויים בתקציב,2016-11-22,"הכנסת העשרים

מושב שלישי

פרוטוקול מס' 507

מישיבת ועדת הכספים

יום שלישי, כ""א בחשון התשע""ז (22 בנובמבר 2016), שעה 15:30

סדר היום:

שינויים", 15:55.
שינויים בתקציב לשנת 2016 ,2016-11-28,"הכנסת העשרים

מושב שלישי

פרוטוקול מס' 518

מישיבת ועדת הכספים

יום שני, כ""ז בחשון התשע""ז (28 בנובמבר 2016), שעה 13:00

סדר היום:

שינויים ב", 14:50.
שינויים בתקציב לשנת 2016 ,2016-12-05,"הכנסת העשרים

מושב שלישי

פרוטוקול מס' 533

מישיבת ועדת הכספים

יום שני, ה' בכסלו התשע""ז (05 בדצמבר 2016), שעה 12:00

סדר היום:

שינויים בתק", 13:25.
שינויים בתקציב לשנת 2016 ,2016-12-07,"הכנסת העשרים

מושב שלישי

פרוטוקול מס' 538

מישיבת ועדת הכספים

יום רביעי, ז' בכסלו התשע""ז (07 בדצמבר 2016), שעה 9:30

סדר היום:

שינויים בת", 09:50.
שינויים בתקציב לשנת 2016 ,2016-12-12,"הכנסת העשרים

מושב שלישי

פרוטוקול מס' 548

מישיבת ועדת הכספים

יום שני, י""ב בכסלו התשע""ז (12 בדצמבר 2016), שעה 10:15

סדר היום:

שינויים בת", 10:52.
שינויים בתקציב לשנת 2016 ,2016-12-18,"הכנסת העשרים

מושב שלישי

פרוטוקול מס' 582

מישיבת ועדת הכספים

יום חמישי, י""ח בכסלו התשע""ז (18 בדצמבר 2016), שעה 11:00

סדר היום:

שינויים ", 15:10.
שינויים בתקציב לשנת 2016 - בקשות לדיון מחדש  ,2016-12-19,"הכנסת העשרים

מושב שלישי

פרוטוקול מס' 583

מישיבת ועדת הכספים

יום שני, י""ט בכסלו התשע""ז (19 בדצמבר 2016), שעה 10:00

סדר היום:

שינויים בת", 10:20.
שינויים בתקציב לשנת 2016 ,2016-12-22,"הכנסת העשרים

מושב שלישי

פרוטוקול מס' 589

מישיבת ועדת הכספים

יום חמישי, כ""ב בכסלו התשע""ז (22 בדצמבר 2016), שעה 14:30

סדר היום:

שינויים ", 16:20.
אופן הדיון בשינויים בתקציב עד סוף דצמבר 2016    ,2016-12-22,"הכנסת העשרים

מושב שלישי

פרוטוקול מס' 588

מישיבת ועדת הכספים

יום חמישי, כ""ב בכסלו התשע""ז (22 בדצמבר 2016), שעה 14:00

סדר היום:

אופן הדי", 14:30.
שינויים בתקציב לשנת 2016 ,2016-12-26,"הכנסת העשרים

מושב שלישי

פרוטוקול מס' 591, פרוטוקול מס' 592

מישיבת ועדת הכספים

יום שני, כ""ו בכסלו התשע""ז (26 בדצמבר 2016), שעה 10:15

סדר", 14:14.
שינויים בתקציב לשנת 2016 ,2016-12-26,"הכנסת העשרים

מושב שלישי

פרוטוקול מס' 591, פרוטוקול מס' 592

מישיבת ועדת הכספים

יום שני, כ""ו בכסלו התשע""ז (26 בדצמבר 2016), שעה 10:15

סדר", 14:14.
