title,absolute_url,stage_date,full_title,popular_name,stage,resource_uri
חוק חדש,/bill/9970/,2016-11-21,חוק לפיקוח על איכות המזון ולתזונה נכונה בצהרונים חוק חדש,,אושרה,/api/v2/bill/9970/
תיקון - פיצויים לדוגמה בשל חוסר תום לב בבירור חבות תגמולי הביטוח,/bill/7343/,2016-11-21,חוק חוזה הביטוח תיקון - פיצויים לדוגמה בשל חוסר תום לב בבירור חבות תגמולי הביטוח,,אושרה,/api/v2/bill/7343/
 הוראת שעה,/bill/10292/,2016-11-07,"חוק הפחתת תוספות פיגור שנוספו על קנסות הנגבים בידי המרכז לגביית קנסות, אגרות והוצאות  הוראת שעה",,אושרה,/api/v2/bill/10292/
תיקון - ביטול ניכוי הקצבה החודשית לפי הסכם עם גרמניה,/bill/9772/,2016-10-31,חוק הטבות לניצולי שואה תיקון - ביטול ניכוי הקצבה החודשית לפי הסכם עם גרמניה,,אושרה,/api/v2/bill/9772/
 תעבורה,/bill/10316/,2016-08-04,חוק לייעול הפיקוח והאכיפה העירוניים ברשויות המקומיות  תעבורה,,אושרה,/api/v2/bill/10316/
תיקון - סגירת סניפים,/bill/9277/,2016-08-04,חוק הבנקאות (רישוי) תיקון - סגירת סניפים,,אושרה,/api/v2/bill/9277/
תיקון - חובת ייצוג הולם לאנשים עם מוגבלות,/bill/3003/,2016-08-04,חוק חובת המכרזים תיקון - חובת ייצוג הולם לאנשים עם מוגבלות,,אושרה,/api/v2/bill/3003/
 תיקון מס' 6,/bill/10157/,2016-08-03,חוק שידורי טלוויזיה מהכנסת  תיקון מס' 6,,אושרה,/api/v2/bill/10157/
תיקוני חקיקה,/bill/8970/,2016-08-03,חוק ייצוג הולם לעובדים עם מוגבלות בגופים ציבוריים תיקוני חקיקה,,אושרה,/api/v2/bill/8970/
 תיקון מס` 2,/bill/10314/,2016-08-02,חוק המאבק בתופעת השימוש בחומרים מסכנים  תיקון מס` 2,,אושרה,/api/v2/bill/10314/
תיקון מס` 30 תיקון מס` 2,/bill/10312/,2016-08-02,חוק התגמולים לנפגעי פעולות איבה תיקון מס` 30 תיקון מס` 2,,אושרה,/api/v2/bill/10312/
הוראות מיוחדות הוראת שעה,/bill/10300/,2016-08-02,חוק תקציב המדינה לשנים 2017 ו– 2018 הוראות מיוחדות הוראת שעה,,אושרה,/api/v2/bill/10300/
 תיקון מס` 3,/bill/9675/,2016-08-02,חוק הרשות הארצית לכבאות והצלה  תיקון מס` 3,,אושרה,/api/v2/bill/9675/
 הוראות מיוחדות,/bill/5768/,2016-08-02,חוק–יסוד: תקציב המדינה לשנים 2017 ו– 2018  הוראות מיוחדות,,אושרה,/api/v2/bill/5768/
תיקוני חקיקה,/bill/10070/,2016-07-26,חוק ביטוח תאונות אישיות לתלמידים תיקוני חקיקה,,אושרה,/api/v2/bill/10070/
תיקון - פגיעה בכבוד דגל המדינה או סמלה,/bill/9841/,2016-07-18,חוק הדגל תיקון - פגיעה בכבוד דגל המדינה או סמלה,,אושרה,/api/v2/bill/9841/
 מס` 4,/bill/9601/,2016-07-12,חוק לתיקון פקודת הסטטיסטיקה  מס` 4,,אושרה,/api/v2/bill/9601/
 תיקון,/bill/8789/,2016-07-04,חוק איסור הפליית עיוורים המלווים בכלבי נחייה  תיקון,,אושרה,/api/v2/bill/8789/
תיקוני חקיקה,/bill/8405/,2016-06-29,חוק להגבלת כהונתו של מנהל מוסד חינוך תיקוני חקיקה,,אושרה,/api/v2/bill/8405/
חוק חדש,/bill/2850/,2016-06-21,חוק יום העלייה חוק חדש,,אושרה,/api/v2/bill/2850/
 תיקון מס` 2,/bill/8193/,2016-06-20,חוק הגבלת שימוש במקום לשם מניעת ביצוע עבירות  תיקון מס` 2,,אושרה,/api/v2/bill/8193/
קופות גמל תיקון מס` 16,/bill/9896/,2016-06-13,חוק הפיקוח על שירותים פיננסיים קופות גמל תיקון מס` 16,,אושרה,/api/v2/bill/9896/
חוק להגנת הספרות והסופרים בישראל חוק חדש,/bill/3252/,2016-05-30,חוק להגנת הספרות והסופרים בישראל חוק להגנת הספרות והסופרים בישראל חוק חדש,חוק הסופרים,אושרה,/api/v2/bill/3252/
שיבוט אדם ושינוי גנטי בתאי רבייה תיקון מס` 3,/bill/9933/,2016-05-23,חוק איסור התערבות גנטית שיבוט אדם ושינוי גנטי בתאי רבייה תיקון מס` 3,,אושרה,/api/v2/bill/9933/
 תיקון מס` 25,/bill/9602/,2016-03-30,חוק פיצויים לנפגעי תאונות דרכים  תיקון מס` 25,,אושרה,/api/v2/bill/9602/
 תיקון מס` 4,/bill/9864/,2016-03-29,חוק השידור הציבורי הישראלי  תיקון מס` 4,,אושרה,/api/v2/bill/9864/
 תיקון מס` 22,/bill/9769/,2016-03-29,חוק נכי רדיפות הנאצים  תיקון מס` 22,,אושרה,/api/v2/bill/9769/
חוק חדש,/bill/9238/,2016-03-29,חוק לצמצום השימוש בשקיות נשיאה חד-פעמיות חוק חדש,,אושרה,/api/v2/bill/9238/
אישור מיוחד ואי התרת הוצאה לצורכי מס בשל תגמול חריג,/bill/8852/,2016-03-29,חוק תגמול לנושאי משרה בתאגידים פיננסיים אישור מיוחד ואי התרת הוצאה לצורכי מס בשל תגמול חריג,,אושרה,/api/v2/bill/8852/
 תיקון,/bill/8795/,2016-03-29,חוק הפיקוח על יצוא ביטחוני  תיקון,,אושרה,/api/v2/bill/8795/
 תיקון מס` 59,/bill/9746/,2016-03-28,חוק ניירות ערך  תיקון מס` 59,,אושרה,/api/v2/bill/9746/
 תיקון,/bill/9560/,2016-03-21,חוק הפיקוח על מזון לבעלי חיים  תיקון,,אושרה,/api/v2/bill/9560/
 תיקון מס` 38,/bill/8797/,2016-03-21,חוק לשכת עורכי הדין  תיקון מס` 38,,אושרה,/api/v2/bill/8797/
מס הכנסה שלילי תיקון מס` 8,/bill/8648/,2016-03-14,חוק להגדלת שיעור ההשתתפות בכוח העבודה ולצמצום פערים חברתיים מס הכנסה שלילי תיקון מס` 8,,אושרה,/api/v2/bill/8648/
 תיקון מס` 3,/bill/9732/,2016-03-07,חוק הסדרת העיסוק בייצוג על ידי יועצי מס  תיקון מס` 3,,אושרה,/api/v2/bill/9732/
תיקון - הארכת מועד,/bill/9627/,2016-03-07,"חוק נכי רדיפות הנאצים (תיקון מס"" 20) תיקון - הארכת מועד",,אושרה,/api/v2/bill/9627/
 תיקון מס` 28,/bill/9597/,2016-03-07,חוק החברות  תיקון מס` 28,,אושרה,/api/v2/bill/9597/
תיקון - זיכוי ממס מהכנסה חייבת מיגיעה אישית,/bill/9649/,2016-02-29,חוק אזור סחר חופשי באילת (פטורים והנחות ממסים) תיקון - זיכוי ממס מהכנסה חייבת מיגיעה אישית,,אושרה,/api/v2/bill/9649/
תיקון - הכרה אזרחית בהכשרות וקורסים צבאיים,/bill/9191/,2016-02-29,חוק שירות ביטחון תיקון - הכרה אזרחית בהכשרות וקורסים צבאיים,,אושרה,/api/v2/bill/9191/
תיקון - הודעה במסרון על סיום עסקה לתקופה קצובה,/bill/9000/,2016-02-29,חוק הגנת הצרכן תיקון - הודעה במסרון על סיום עסקה לתקופה קצובה,,אושרה,/api/v2/bill/9000/
תיקון - היעדרות בשל מחלה קשה,/bill/7920/,2016-02-29,חוק דמי מחלה (היעדרות בשל מחלת ילד) תיקון - היעדרות בשל מחלה קשה,,אושרה,/api/v2/bill/7920/
תיקון מס' 69 חקירת סיבות מוות,/bill/7180/,2016-02-29,חוק השיפוט הצבאי תיקון מס' 69 חקירת סיבות מוות,,אושרה,/api/v2/bill/7180/
חוק חדש,/bill/7648/,2016-02-23,חוק האומנה חוק חדש,,אושרה,/api/v2/bill/7648/
חובת פרסום טפסים מקוונים,/bill/9075/,2016-02-22,חוק לתיקון פקודת העיריות חובת פרסום טפסים מקוונים,,אושרה,/api/v2/bill/9075/
 תיקון מס` 169,/bill/9656/,2016-02-15,חוק הביטוח הלאומי  תיקון מס` 169,,אושרה,/api/v2/bill/9656/
הצבת יוצאי צבא בשירות בתי הסוהר תיקון מס` 7,/bill/9620/,2016-02-15,חוק שירות ביטחון (הוראת שעה) הצבת יוצאי צבא בשירות בתי הסוהר תיקון מס` 7,,אושרה,/api/v2/bill/9620/
שירות במשטרה ושירות מוכר תיקון מס` 15,/bill/9619/,2016-02-15,חוק שירות ביטחון (תיקון מס' 7 והוראת שעה) שירות במשטרה ושירות מוכר תיקון מס` 15,,אושרה,/api/v2/bill/9619/
עבירות ושיפוט תיקון מס` 5 והוראת שעה,/bill/9712/,2016-02-08,חוק למניעת הסתננות עבירות ושיפוט תיקון מס` 5 והוראת שעה,,אושרה,/api/v2/bill/9712/
תיקוני חקיקה להשגת יעדי התקציב והמדיניות הכלכלית לשנות הכספים 2003 ו– 2004 תיקון מס` 18,/bill/9559/,2016-02-08,חוק התכנית להבראת כלכלת ישראל תיקוני חקיקה להשגת יעדי התקציב והמדיניות הכלכלית לשנות הכספים 2003 ו– 2004 תיקון מס` 18,,אושרה,/api/v2/bill/9559/
תיקון - הארכת תקופת החופשה לכל שנת עבודה אצל מעסיק,/bill/8894/,2016-02-08,חוק חופשה שנתית תיקון - הארכת תקופת החופשה לכל שנת עבודה אצל מעסיק,,אושרה,/api/v2/bill/8894/
תיקון מס` 72 עבירת עריקה,/bill/8637/,2016-02-08,חוק השיפוט הצבאי תיקון מס` 72 עבירת עריקה,,אושרה,/api/v2/bill/8637/
חוק חדש,/bill/8358/,2016-02-08,חוק הסדרת העיסוק בהדברת מזיקים לאדם ולרכוש התשע”ד-2014 חוק חדש,,אושרה,/api/v2/bill/8358/
תיקון  - סמכות בית המשפט לאסור שימוש ברכב ששימש לנסיעה בחוף,/bill/8208/,2016-02-08,חוק איסור נהיגה ברכב בחוף הים תיקון  - סמכות בית המשפט לאסור שימוש ברכב ששימש לנסיעה בחוף,,אושרה,/api/v2/bill/8208/
תיקון מס` 5 סמכות חיפוש לשוטר לשם מניעת אלימות,/bill/9466/,2016-02-02,חוק סמכויות לשם שמירה על ביטחון הציבור תיקון מס` 5 סמכות חיפוש לשוטר לשם מניעת אלימות,,אושרה,/api/v2/bill/9466/
תיקון - העלאת סכום המחיר הבסיסי,/bill/9248/,2016-02-02,חוק הדיור הציבורי (זכויות רכישה) תיקון - העלאת סכום המחיר הבסיסי,,אושרה,/api/v2/bill/9248/
תיקון - הארכת התקופה להגשת בקשה לרישום פסק דין שניתן לפני יום התחילה,/bill/9242/,2016-02-02,חוק לחלוקת חיסכון פנסיוני בין בני זוג שנפרדו תיקון - הארכת התקופה להגשת בקשה לרישום פסק דין שניתן לפני יום התחילה,,אושרה,/api/v2/bill/9242/
תיקון - מניעת עיקול מיטלטלין מבתי תפילה,/bill/9100/,2016-02-02,חוק ההוצאה לפועל תיקון - מניעת עיקול מיטלטלין מבתי תפילה,,אושרה,/api/v2/bill/9100/
 תיקון מס' 4,/bill/7173/,2016-02-02,חוק הסדרת העיסוק במקצועות הבריאות  תיקון מס' 4,,אושרה,/api/v2/bill/7173/
מס` 6 פטור מבחינות,/bill/9617/,2016-01-25,חוק לתיקון פקודת רופאי השיניים מס` 6 פטור מבחינות,,אושרה,/api/v2/bill/9617/
 תיקון מס` 82,/bill/9535/,2016-01-18,חוק בתי המשפט  תיקון מס` 82,,אושרה,/api/v2/bill/9535/
 מס` 8,/bill/8734/,2016-01-18,חוק לתיקון פקודת הבטיחות בעבודה  מס` 8,,אושרה,/api/v2/bill/8734/
תיקון מס' 43 קובלנות,/bill/9634/,2016-01-12,חוק חסינות חברי הכנסת זכויותיהם וחובותיהם תיקון מס' 43 קובלנות,,אושרה,/api/v2/bill/9634/
חוק חדש,/bill/9621/,2016-01-11,חוק אמנת הבנק האסייני להשקעות בתשתיות התשע”ו-2015 חוק חדש,,אושרה,/api/v2/bill/9621/
פטור על הכנסה מריבית המשולמת על כספי פיצויים לעיוור או לנכה,/bill/8988/,2016-01-11,חוק לתיקון פקודת מס הכנסה פטור על הכנסה מריבית המשולמת על כספי פיצויים לעיוור או לנכה,,אושרה,/api/v2/bill/8988/
תיקון מס` 2 דחיית תחילה,/bill/9344/,2016-01-04,חוק להסדר התדיינויות בסכסוכי משפחה (הוראת שעה) תיקון מס` 2 דחיית תחילה,,אושרה,/api/v2/bill/9344/
תיקון - אלימות מילולית שלא בפני המטפל,/bill/7918/,2016-01-04,חוק למניעת אלימות במוסדות למתן טיפול תיקון - אלימות מילולית שלא בפני המטפל,,אושרה,/api/v2/bill/7918/
 הוראת שעה,/bill/9562/,2015-12-28,חוק התכנון והבנייה  הוראת שעה,,אושרה,/api/v2/bill/9562/
הוראת שעה תיקון מס` 3,/bill/9558/,2015-12-28,חוק לתיקון פקודת העיריות הוראת שעה תיקון מס` 3,,אושרה,/api/v2/bill/9558/
 הוראת שעה,/bill/9557/,2015-12-28,חוק לתיקון פקודת התעבורה  הוראת שעה,,אושרה,/api/v2/bill/9557/
הוראת שעה תיקון מס` 4,/bill/9534/,2015-12-28,חוק סדר הדין הפלילי (עצור החשוד בעבירת ביטחון) הוראת שעה תיקון מס` 4,,אושרה,/api/v2/bill/9534/
היי–טק תיקוני חקיקה,/bill/8731/,2015-12-28,חוק לקידום השקעות בחברות הפועלות בתחומי הטכנולוגיה העילית היי–טק תיקוני חקיקה,,אושרה,/api/v2/bill/8731/
זכויות רכישה תיקון מס` 6,/bill/8072/,2015-12-28,חוק הדיור הציבורי זכויות רכישה תיקון מס` 6,,אושרה,/api/v2/bill/8072/
תיקון - מעמד החטיבה להתיישבות,/bill/9020/,2015-12-24,חוק מעמדן של ההסתדרות הציונית העולמית ושל הסוכנות היהודית לארץ-ישראל תיקון - מעמד החטיבה להתיישבות,,אושרה,/api/v2/bill/9020/
תיקון מס` 3 חלוקת תיקים בענייני סמים,/bill/9473/,2015-12-21,חוק סדר הדין הפלילי (תיקון מס` 62 - הוראת שעה) תיקון מס` 3 חלוקת תיקים בענייני סמים,,אושרה,/api/v2/bill/9473/
מס` 16 עדות קרובים,/bill/8073/,2015-12-21,חוק לתיקון פקודת הראיות מס` 16 עדות קרובים,,אושרה,/api/v2/bill/8073/
 תיקון מס` 3,/bill/9468/,2015-11-30,חוק השידור הציבורי הישראלי  תיקון מס` 3,,אושרה,/api/v2/bill/9468/
 תיקון מס` 21,/bill/9501/,2015-11-24,חוק שירות ביטחון  תיקון מס` 21,,אושרה,/api/v2/bill/9501/
 תיקוני חקיקה להשגת יעדי התקציבלשנות התקציב 2015 ו– 2016,/bill/9346/,2015-11-19,חוק ההתייעלות הכלכלית  תיקוני חקיקה להשגת יעדי התקציבלשנות התקציב 2015 ו– 2016,,אושרה,/api/v2/bill/9346/
 תיקוני חקיקה ליישום המדיניות הכלכלית לשנות התקציב 2015 ו– 2016,/bill/9345/,2015-11-19,חוק התכנית הכלכלית  תיקוני חקיקה ליישום המדיניות הכלכלית לשנות התקציב 2015 ו– 2016,,אושרה,/api/v2/bill/9345/
תיקון מס` 20 דרכי טיפול לאחר הרשעה,/bill/9470/,2015-11-02,"חוק הנוער (שפיטה, ענישה ודרכי טיפול) תיקון מס` 20 דרכי טיפול לאחר הרשעה",,אושרה,/api/v2/bill/9470/
הוראת שעה תיקון,/bill/5691/,2015-11-02,חוק–יסוד: תקציב המדינה לשנים 2009 ו–2010 (הוראות מיוחדות) הוראת שעה תיקון,,אושרה,/api/v2/bill/5691/
תיקון מס` 33 תיקון מס` 3,/bill/9467/,2015-10-26,חוק הרשות השנייה לטלוויזיה ורדיו תיקון מס` 33 תיקון מס` 3,,אושרה,/api/v2/bill/9467/
 תיקון מס` 15)(שיעור הגירעון בשנות התקציב 2015 ואילך וסכום ההוצאה הממשלתית בשנות התקציב 2015 ו– 2016,/bill/9347/,2015-10-26,חוק הפחתת הגירעון והגבלת ההוצאה התקציבית  תיקון מס` 15)(שיעור הגירעון בשנות התקציב 2015 ואילך וסכום ההוצאה הממשלתית בשנות התקציב 2015 ו– 2016,,אושרה,/api/v2/bill/9347/
תיקון מס` 162 תשלום גמלת סיעוד בכסף לזכאי,/bill/9360/,2015-10-12,חוק הביטוח הלאומי תיקון מס` 162 תשלום גמלת סיעוד בכסף לזכאי,,אושרה,/api/v2/bill/9360/
 תיקון,/bill/9352/,2015-09-03,חוק השידור הציבורי  תיקון,,אושרה,/api/v2/bill/9352/
חוק הפסקת חברות בכנסת של חבר הכנסת המכהן כשר או כסגן שר  תיקוני חקיקה,/bill/9355/,2015-07-30,חוק הפסקת חברות בכנסת של חבר הכנסת המכהן כשר או כסגן שר  תיקוני חקיקה,החוק הנורבגי,אושרה,/api/v2/bill/9355/
קופות גמל תיקון מס` 12,/bill/9356/,2015-07-29,חוק הפיקוח על שירותים פיננסיים קופות גמל תיקון מס` 12,,אושרה,/api/v2/bill/9356/
רישוי ופיקוח תיקון מס` 2,/bill/9351/,2015-07-29,חוק מכוני כושר רישוי ופיקוח תיקון מס` 2,,אושרה,/api/v2/bill/9351/
 תיקון מס` 103,/bill/8641/,2015-07-29,חוק התכנון והבנייה  תיקון מס` 103,,אושרה,/api/v2/bill/8641/
תיקון - השעיית מרוץ תקופת ההתיישנות,/bill/8954/,2015-07-28,חוק ההתיישנות תיקון - השעיית מרוץ תקופת ההתיישנות,,אושרה,/api/v2/bill/8954/
תיקון - הפטר לחייב,/bill/8573/,2015-07-28,חוק ההוצאה לפועל תיקון - הפטר לחייב,,אושרה,/api/v2/bill/8573/
תיקון - העדפת תוצרת הארץ במכרזי מערכת הביטחון - הארכת הוראת שעה,/bill/8948/,2015-07-14,חוק חובת המכרזים תיקון - העדפת תוצרת הארץ במכרזי מערכת הביטחון - הארכת הוראת שעה,,אושרה,/api/v2/bill/8948/
 העלאת סכומי שכר מינימום - הוראת שעה,/bill/8800/,2015-01-21,חוק שכר מינימום  העלאת סכומי שכר מינימום - הוראת שעה,,אושרה,/api/v2/bill/8800/
 תיקון מס` 39,/bill/8801/,2015-01-05,חוק הרשות השנייה לטלוויזיה ורדיו  תיקון מס` 39,,אושרה,/api/v2/bill/8801/
זכותו של נפגע עבירת מין לבחירת מין החוקר,/bill/8318/,2014-12-10,חוק זכויות נפגעי עבירה זכותו של נפגע עבירת מין לבחירת מין החוקר,,אושרה,/api/v2/bill/8318/
תיקון - זכות לנוכחות מלווה בטיפול,/bill/7897/,2014-12-09,חוק זכויות החולה תיקון - זכות לנוכחות מלווה בטיפול,,אושרה,/api/v2/bill/7897/
תיקון - השעיית עובד חינוך או עובד שירות,/bill/7885/,2014-12-09,חוק פיקוח על בתי ספר תיקון - השעיית עובד חינוך או עובד שירות,,אושרה,/api/v2/bill/7885/
 תיקוני חקיקה,/bill/9862/,2014-12-08,חוק הפיקוח על שירותים פיננסיים  תיקוני חקיקה,,אושרה,/api/v2/bill/9862/
תיקון - דחיית חובת התאגוד ברשויות המקומיות שאין להן תאגיד,/bill/9391/,2014-12-08,חוק תאגידי מים וביוב תיקון - דחיית חובת התאגוד ברשויות המקומיות שאין להן תאגיד,,אושרה,/api/v2/bill/9391/
הלוואות ומועדי תשלום המימון,/bill/8793/,2014-12-08,חוק מימון מפלגות (תיקון מס' 33) הלוואות ומועדי תשלום המימון,,אושרה,/api/v2/bill/8793/
 תיקוני חקיקה והוראות שעה,/bill/8792/,2014-12-08,חוק למניעת הסתננות ולהבטחת יציאתם של מסתננים ועובדים זרים מישראל  תיקוני חקיקה והוראות שעה,,אושרה,/api/v2/bill/8792/
תיקון - שינויים בתקציב הביטחון,/bill/8538/,2014-12-08,חוק יסודות התקציב תיקון - שינויים בתקציב הביטחון,,אושרה,/api/v2/bill/8538/
תיקון - פטור מדמי ביטוח לחיילים משוחררים,/bill/8407/,2014-12-08,חוק הביטוח הלאומי תיקון - פטור מדמי ביטוח לחיילים משוחררים,,אושרה,/api/v2/bill/8407/
חוק חדש,/bill/8149/,2014-12-08,חוק הודעה בדבר קבלה או אי-קבלה למקום עבודה חוק חדש,,אושרה,/api/v2/bill/8149/
 תיקוני חקיקה,/bill/8129/,2014-12-08,חוק פיקוח אלקטרוני על עצור ועל אסיר משוחרר על–תנאי  תיקוני חקיקה,,אושרה,/api/v2/bill/8129/
חוק חדש,/bill/7947/,2014-12-08,חוק קביעת מועד לתחילת הוראת סימון מזון ארוז מראש ומכלי משקה חוק חדש,,אושרה,/api/v2/bill/7947/
תיקון - הגבלת זמן המתנה בשירות טלפוני,/bill/7909/,2014-12-08,חוק הגנת הצרכן תיקון - הגבלת זמן המתנה בשירות טלפוני,,אושרה,/api/v2/bill/7909/
חוק חדש,/bill/7335/,2014-12-08,חוק התפזרות הכנסת התשע-עשרה חוק חדש,,אושרה,/api/v2/bill/7335/
פטור מארנונה לאתרי הנצחה,/bill/7578/,2014-12-02,חוק לתיקון פקודת מסי העיריה ומסי הממשלה (פטורין) פטור מארנונה לאתרי הנצחה,,אושרה,/api/v2/bill/7578/
תיקון - הפרת חובת דיווח ופרסום החלטות ועדת המשמעת,/bill/8260/,2014-12-01,חוק הפסיכולוגים תיקון - הפרת חובת דיווח ופרסום החלטות ועדת המשמעת,,אושרה,/api/v2/bill/8260/
תיקון - איסור הפלייה מחמת מקום מגורים,/bill/8224/,2014-12-01,חוק שוויון ההזדמנויות בעבודה תיקון - איסור הפלייה מחמת מקום מגורים,,אושרה,/api/v2/bill/8224/
חוק חדש,/bill/7907/,2014-12-01,חוק תאגידים לניהול משותף של זכויות יוצרים ומבצעים חוק חדש,,אושרה,/api/v2/bill/7907/
תיקון - שינוי מספר הסגנים במקרים מסוימים,/bill/8574/,2014-11-24,חוק הרשויות המקומיות (בחירת ראש הרשות וסגניו וכהונתם) תיקון - שינוי מספר הסגנים במקרים מסוימים,,אושרה,/api/v2/bill/8574/
תיקון - הגברת התחרות,/bill/8207/,2014-11-24,חוק משק הגז הטבעי תיקון - הגברת התחרות,,אושרה,/api/v2/bill/8207/
תיקון - הליך מינוי דירקטורים חיצוניים לכהונה נוספת,/bill/8350/,2014-11-18,חוק החברות תיקון - הליך מינוי דירקטורים חיצוניים לכהונה נוספת,,אושרה,/api/v2/bill/8350/
תיקון - הרחבת המונח מעשה שחיתות,/bill/7930/,2014-11-18,חוק מבקר המדינה תיקון - הרחבת המונח מעשה שחיתות,,אושרה,/api/v2/bill/7930/
תיקון מס` 62 - הוראת שעה תיקון מס` 2,/bill/8732/,2014-11-17,חוק סדר הדין הפלילי תיקון מס` 62 - הוראת שעה תיקון מס` 2,,אושרה,/api/v2/bill/8732/
"תיקון מס` 12 סיוע משפטי לחושפי מעשי שחיתות, עבירות ופגיעה בטוהר המידות או במינהל התקין, במקום עבודתם",/bill/8450/,2014-11-17,"חוק הסיוע המשפטי תיקון מס` 12 סיוע משפטי לחושפי מעשי שחיתות, עבירות ופגיעה בטוהר המידות או במינהל התקין, במקום עבודתם",,אושרה,/api/v2/bill/8450/
 מס` 6,/bill/8263/,2014-11-17,חוק לתיקון פקודת היערות  מס` 6,,אושרה,/api/v2/bill/8263/
תיקון מס` 118 איסור על צריכת פרסום תועבה ובו דמותו של קטין,/bill/8189/,2014-11-17,חוק העונשין תיקון מס` 118 איסור על צריכת פרסום תועבה ובו דמותו של קטין,,אושרה,/api/v2/bill/8189/
תיקון - שלילת תשלומים מתקציב המדינה עבור סטודנט משתמט,/bill/8011/,2014-11-17,חוק המועצה להשכלה גבוהה תיקון - שלילת תשלומים מתקציב המדינה עבור סטודנט משתמט,,אושרה,/api/v2/bill/8011/
תיקון - תחולה על מוסדות להשכלה גבוהה,/bill/7660/,2014-11-04,חוק חופש המידע תיקון - תחולה על מוסדות להשכלה גבוהה,,אושרה,/api/v2/bill/7660/
 מס` 8,/bill/8475/,2014-11-03,חוק לתיקון פקודת מסילות הברזל  מס` 8,,אושרה,/api/v2/bill/8475/
תיקון - איסור שחרור רוצחים,/bill/8108/,2014-11-03,חוק יסוד: נשיא המדינה תיקון - איסור שחרור רוצחים,,אושרה,/api/v2/bill/8108/
תיקון - איסור קבלת תמורה בעד עריכת נישואין,/bill/6383/,2014-11-03,חוק שירותי הדת היהודיים תיקון - איסור קבלת תמורה בעד עריכת נישואין,,אושרה,/api/v2/bill/6383/
 תיקון מס` 13,/bill/8359/,2014-07-30,חוק איסור הלבנת הון  תיקון מס` 13,,אושרה,/api/v2/bill/8359/
תיקון - שינוי שמו של קטין,/bill/7949/,2014-07-30,חוק השמות תיקון - שינוי שמו של קטין,,אושרה,/api/v2/bill/7949/
תיקון - שיעור ריבית פיגורים,/bill/7098/,2014-07-30,חוק המכר (דירות) תיקון - שיעור ריבית פיגורים,,אושרה,/api/v2/bill/7098/
הודעה בדבר נקודות,/bill/6968/,2014-07-30,חוק לתיקון פקודת התעבורה הודעה בדבר נקודות,,אושרה,/api/v2/bill/6968/
תיקון - שחרור אסירים משיקולים מדיניים או ביטחוניים,/bill/8476/,2014-07-29,חוק הממשלה תיקון - שחרור אסירים משיקולים מדיניים או ביטחוניים,,אושרה,/api/v2/bill/8476/
 הוראת שעה,/bill/8192/,2014-07-29,חוק לקידום הבנייה במתחמים מועדפים לדיור  הוראת שעה,,אושרה,/api/v2/bill/8192/
תיקון - קריאה טלפונית ממספר גלוי,/bill/7485/,2014-07-29,חוק הגנת הצרכן תיקון - קריאה טלפונית ממספר גלוי,,אושרה,/api/v2/bill/7485/
חוק-יסוד: הממשלה תיקון - הגברת המשילות והעלאת אחוז החסימה,/bill/7469/,2014-07-29,חוק-יסוד: הממשלה חוק-יסוד: הממשלה תיקון - הגברת המשילות והעלאת אחוז החסימה,חוק המשילות,אושרה,/api/v2/bill/7469/
תיקון - שעות ביקור במענו של צרכן,/bill/7402/,2014-07-29,חוק הגנת הצרכן תיקון - שעות ביקור במענו של צרכן,,אושרה,/api/v2/bill/7402/
 תיקון מס` 12,/bill/8639/,2014-07-28,חוק שוויון זכויות לאנשים עם מוגבלות  תיקון מס` 12,,אושרה,/api/v2/bill/8639/
תיקון - הוספת תפקיד של קידום הוראות הנוגעות לבטיחות האש וההצלה,/bill/8324/,2014-07-28,חוק הרשות הארצית לכבאות והצלה תיקון - הוספת תפקיד של קידום הוראות הנוגעות לבטיחות האש וההצלה,,אושרה,/api/v2/bill/8324/
מניעת גניבות תיקון מס` 5,/bill/8220/,2014-07-28,חוק הגבלת השימוש ורישום פעולות בחלקי רכב משומשים מניעת גניבות תיקון מס` 5,,אושרה,/api/v2/bill/8220/
תיקון - מפעלים מוגנים ומשתקמים,/bill/8209/,2014-07-28,חוק למניעת הטרדה מינית תיקון - מפעלים מוגנים ומשתקמים,,אושרה,/api/v2/bill/8209/
תיקון - הגנה מפני עיקול ושיעבוד תשלומים לחיילים בשירות סדיר,/bill/8161/,2014-07-28,חוק שירות ביטחון תיקון - הגנה מפני עיקול ושיעבוד תשלומים לחיילים בשירות סדיר,,אושרה,/api/v2/bill/8161/
תיקון - איסור פרסום שם בהליך החושף מידע רפואי,/bill/7933/,2014-07-28,חוק בתי המשפט תיקון - איסור פרסום שם בהליך החושף מידע רפואי,,אושרה,/api/v2/bill/7933/
תיקון - העברת נטל הוכחה במקרה של פיטורין בשל הגשת תלונה על הטרדה מינית,/bill/7706/,2014-07-28,חוק למניעת הטרדה מינית תיקון - העברת נטל הוכחה במקרה של פיטורין בשל הגשת תלונה על הטרדה מינית,,אושרה,/api/v2/bill/7706/
 תיקון,/bill/7175/,2014-07-28,חוק זכויות תלמידים עם לקות למידה במוסדות על–תיכוניים  תיקון,,אושרה,/api/v2/bill/7175/
חוק חדש,/bill/4983/,2014-07-28,חוק חלוקת זכויות פנסיה בין בני זוג חוק חדש,,אושרה,/api/v2/bill/4983/
תיקון - דרישה לתשלום דמי ביטוח בתוך שבע שנים,/bill/2986/,2014-07-28,חוק הביטוח הלאומי תיקון - דרישה לתשלום דמי ביטוח בתוך שבע שנים,,אושרה,/api/v2/bill/2986/
תיקוני חקיקה,/bill/7628/,2014-07-22,חוק כשירות מאבטח תיקוני חקיקה,,אושרה,/api/v2/bill/7628/
תיקון - הגבלות על שימוש בתואר התפקיד בידי חבר הכנסת לשעבר,/bill/8010/,2014-07-21,חוק חסינות חברי הכנסת תיקון - הגבלות על שימוש בתואר התפקיד בידי חבר הכנסת לשעבר,,אושרה,/api/v2/bill/8010/
תיקוני חקיקה תיקון מס` 14,/bill/8188/,2014-07-14,חוק הסדרים במשק המדינה תיקוני חקיקה תיקון מס` 14,,אושרה,/api/v2/bill/8188/
חוק חדש,/bill/7471/,2014-07-14,חוק הקרן לניהול הכנסות המדינה מהיטל על רווחי נפט התשע”ג-2013 חוק חדש,,אושרה,/api/v2/bill/7471/
תיקון - ביטול גמלאות לאדם שביצע עבירה על רקע לאומני ושוחרר במסגרת עסקת שחרור או בחנינה,/bill/8236/,2014-07-07,חוק הביטוח הלאומי תיקון - ביטול גמלאות לאדם שביצע עבירה על רקע לאומני ושוחרר במסגרת עסקת שחרור או בחנינה,,אושרה,/api/v2/bill/8236/
תיקוני חקיקה,/bill/7941/,2014-07-07,חוק הפליה מחמת גיל תיקוני חקיקה,,אושרה,/api/v2/bill/7941/
תיקוני חקיקה,/bill/7564/,2014-07-07,חוק החלפת המונח מעביד וחובת שימוש במונח מעסיק תיקוני חקיקה,,אושרה,/api/v2/bill/7564/
תיקון - דמי לידה לעובד שבת זוגו אינה מסוגלת לטפל בילד מחמת נכות או מחלה,/bill/7508/,2014-07-07,חוק הביטוח הלאומי תיקון - דמי לידה לעובד שבת זוגו אינה מסוגלת לטפל בילד מחמת נכות או מחלה,,אושרה,/api/v2/bill/7508/
תיקון - הרחבת הגדרת ילד לעניין ביטוח שאירים,/bill/6135/,2014-07-07,חוק הביטוח הלאומי תיקון - הרחבת הגדרת ילד לעניין ביטוח שאירים,,אושרה,/api/v2/bill/6135/
תיקוני חקיקה,/bill/6416/,2014-06-24,חוק הארכת תוקף צו הגנה וצו למניעת הטרדה מאיימת תיקוני חקיקה,,אושרה,/api/v2/bill/6416/
 מס` 27,/bill/8219/,2014-06-23,חוק לתיקון פקודת בריאות העם  מס` 27,,אושרה,/api/v2/bill/8219/
חוק חדש,/bill/8123/,2014-06-23,חוק יום לציון היציאה והגירוש של היהודים מארצות ערב ומאיראן חוק חדש,,אושרה,/api/v2/bill/8123/
תיקון - עידוד ייצוג הולם לנשים,/bill/6365/,2014-06-23,חוק הרשויות המקומיות (מימון בחירות) תיקון - עידוד ייצוג הולם לנשים,,אושרה,/api/v2/bill/6365/
תיקון - היעדרות מעבודה למשפחות שכולות ביום הזיכרון הפרטי,/bill/8013/,2014-06-09,חוק יום הזיכרון לחללי מערכות ישראל תיקון - היעדרות מעבודה למשפחות שכולות ביום הזיכרון הפרטי,,אושרה,/api/v2/bill/8013/
תיקון - הכללת אחות בהרכב ועדת האתיקה,/bill/7928/,2014-06-09,חוק זכויות החולה תיקון - הכללת אחות בהרכב ועדת האתיקה,,אושרה,/api/v2/bill/7928/
תיקון - חיסיון חוות דעת מומחה,/bill/7644/,2014-06-09,חוק מגבלות על חזרתו של עבריין מין לסביבת הנפגע תיקון - חיסיון חוות דעת מומחה,,אושרה,/api/v2/bill/7644/
 תיקון מס` 43,/bill/8355/,2014-05-19,חוק ההוצאה לפועל  תיקון מס` 43,,אושרה,/api/v2/bill/8355/
תיקוני חקיקה,/bill/8043/,2014-05-19,חוק-יסוד: מועד התפטרות נשיא המדינה תיקוני חקיקה,,אושרה,/api/v2/bill/8043/
תיקון - החלפת מונח,/bill/7334/,2014-05-19,חוק משפחות חד-הוריות תיקון - החלפת מונח,,אושרה,/api/v2/bill/7334/
 תיקון מס` 14,/bill/8187/,2014-03-19,חוק הפחתת הגירעון והגבלת ההוצאה התקציבית  תיקון מס` 14,,אושרה,/api/v2/bill/8187/
 תיקון מס` 7,/bill/8085/,2014-03-19,חוק להסדר ההימורים בספורט  תיקון מס` 7,,אושרה,/api/v2/bill/8085/
 תיקון מס` 14,/bill/8081/,2014-03-19,חוק ההגבלים העסקיים  תיקון מס` 14,,אושרה,/api/v2/bill/8081/
 תיקון מס` 25,/bill/8063/,2014-03-19,חוק הכניסה לישראל  תיקון מס` 25,,אושרה,/api/v2/bill/8063/
 תיקוני חקיקה,/bill/8060/,2014-03-19,"חוק התאמת יצירות, ביצועים ושידורים לאנשים עם מוגבלות  תיקוני חקיקה",,אושרה,/api/v2/bill/8060/
 מס` 47,/bill/8059/,2014-03-19,חוק לתיקון פקודת בתי הסוהר  מס` 47,,אושרה,/api/v2/bill/8059/
חוק חדש,/bill/7683/,2014-03-19,חוק להסדרת פעילות חברות דירוג האשראי התשע”ג-2013 חוק חדש,,אושרה,/api/v2/bill/7683/
חוק חדש,/bill/7599/,2014-03-19,חוק קידום התחרות בענף המזון התשע”ג-2013 חוק חדש,,אושרה,/api/v2/bill/7599/
 תיקון מס` 102,/bill/7800/,2014-03-18,חוק התכנון והבנייה  תיקון מס` 102,,אושרה,/api/v2/bill/7800/
תיקון מס' 4 איסור הפליה מטעמי נטייה מינית וזהות מגדרית,/bill/7796/,2014-03-18,חוק זכויות התלמיד תיקון מס' 4 איסור הפליה מטעמי נטייה מינית וזהות מגדרית,,אושרה,/api/v2/bill/7796/
תיקון - החמרת העונש בגין כניסה לשטח חקלאי,/bill/7668/,2014-03-18,חוק העונשין תיקון - החמרת העונש בגין כניסה לשטח חקלאי,,אושרה,/api/v2/bill/7668/
הקצבה לזכאי למזונות,/bill/7653/,2014-03-18,חוק לתיקון פקודת פשיטת הרגל הקצבה לזכאי למזונות,,אושרה,/api/v2/bill/7653/
 מס' 109,/bill/7145/,2014-03-18,חוק לתיקון פקודת התעבורה  מס' 109,,אושרה,/api/v2/bill/7145/
תיקון - התיישנות ממועד גיבוש הנכות,/bill/7049/,2014-03-18,חוק חוזה הביטוח תיקון - התיישנות ממועד גיבוש הנכות,,אושרה,/api/v2/bill/7049/
ביטול עסקה לתקופה קצובה להלן  החוק העיקרי,/bill/2889/,2014-03-18,חוק הגנת הצרכן ביטול עסקה לתקופה קצובה להלן  החוק העיקרי,,אושרה,/api/v2/bill/2889/
 הוראת שעה,/bill/7682/,2014-03-12,חוק שירות אזרחי לתלמידי ישיבות  הוראת שעה,,אושרה,/api/v2/bill/7682/
תיקון מס` 19 והוראת שעה שילוב תלמידי ישיבות,/bill/7681/,2014-03-12,חוק שירות ביטחון תיקון מס` 19 והוראת שעה שילוב תלמידי ישיבות,,אושרה,/api/v2/bill/7681/
תיקוני חקיקה,/bill/7734/,2014-03-04,חוק הנגשה ושימוש בנתונים מגדריים תיקוני חקיקה,,אושרה,/api/v2/bill/7734/
 תיקון מס` 7,/bill/8221/,2014-03-03,חוק תאגידי מים וביוב  תיקון מס` 7,,אושרה,/api/v2/bill/8221/
תיקון מס' 7 מחירון הפריטים שבמפרט,/bill/7860/,2014-03-03,חוק המכר (דירות) תיקון מס' 7 מחירון הפריטים שבמפרט,,אושרה,/api/v2/bill/7860/
תיקון מס' 6 רכיב ההוצאות המשפטיות במכירת דירה,/bill/7662/,2014-03-03,חוק המכר (דירות) תיקון מס' 6 רכיב ההוצאות המשפטיות במכירת דירה,,אושרה,/api/v2/bill/7662/
תיקון - עבר פלילי,/bill/6728/,2014-03-03,חוק סמכויות לשם שמירה על ביטחון הציבור תיקון - עבר פלילי,,אושרה,/api/v2/bill/6728/
תיקון מס' 19 הודעה ללקוח על נקיטת פעולה לגבי הלוואה,/bill/6069/,2014-03-03,חוק הבנקאות (שירות ללקוח) תיקון מס' 19 הודעה ללקוח על נקיטת פעולה לגבי הלוואה,,אושרה,/api/v2/bill/6069/
תיקון - סנקציה על הפליה מחמת גיל,/bill/7915/,2014-02-26,חוק זכויות החולה תיקון - סנקציה על הפליה מחמת גיל,,אושרה,/api/v2/bill/7915/
תיקון - עבירת רשלנות ואחריות נושא משרה בתאגיד,/bill/8022/,2014-02-25,חוק צער בעלי חיים (הגנה על בעלי חיים) תיקון - עבירת רשלנות ואחריות נושא משרה בתאגיד,,אושרה,/api/v2/bill/8022/
תיקון מס` 16 תיקון מס` 9,/bill/8191/,2014-02-24,חוק לימוד חובה תיקון מס` 16 תיקון מס` 9,,אושרה,/api/v2/bill/8191/
תיקון מס` 19 ייצוג אסירים בהליכי הפרדה),/bill/8132/,2014-02-24,חוק הסניגוריה הציבורית תיקון מס` 19 ייצוג אסירים בהליכי הפרדה),,אושרה,/api/v2/bill/8132/
תיקון - הגנה לעובדת העוברת טיפולי פוריות,/bill/7757/,2014-02-24,חוק עבודת נשים תיקון - הגנה לעובדת העוברת טיפולי פוריות,,אושרה,/api/v2/bill/7757/
תיקון - הרכב הוועדה המייעצת,/bill/7579/,2014-02-24,חוק שוויון ההזדמנויות בעבודה תיקון - הרכב הוועדה המייעצת,,אושרה,/api/v2/bill/7579/
 הוראת שעה)(תיקון מס` 4,/bill/8190/,2014-02-17,חוק פיקוח אלקטרוני על משוחררים בערובה ומשוחררים על–תנאי ממאסר  הוראת שעה)(תיקון מס` 4,,אושרה,/api/v2/bill/8190/
 תיקון מס` 2,/bill/8130/,2014-02-17,חוק מעמד ותיקי מלחמת העולם השנייה  תיקון מס` 2,,אושרה,/api/v2/bill/8130/
תיקון - מימון בחירות שבוטלו,/bill/7914/,2014-02-17,חוק הרשויות המקומיות (מימון בחירות) תיקון - מימון בחירות שבוטלו,,אושרה,/api/v2/bill/7914/
 תיקון מס` 148,/bill/8080/,2014-02-10,חוק הביטוח הלאומי  תיקון מס` 148,,אושרה,/api/v2/bill/8080/
 תיקון מס` 149,/bill/8079/,2014-02-10,חוק הביטוח הלאומי  תיקון מס` 149,,אושרה,/api/v2/bill/8079/
תיקון מס` 4 הגדלת הסיוע לניצולי שואה,/bill/8071/,2014-02-10,תיקון חוק הטבות לניצולי שואה תיקון מס` 4 הגדלת הסיוע לניצולי שואה,,אושרה,/api/v2/bill/8071/
תיקון - חובת התקשורת עם הקטין והאחראי עליו בשפה המובנת להם,/bill/7549/,2014-02-10,חוק הנוער (טיפול והשגחה) תיקון - חובת התקשורת עם הקטין והאחראי עליו בשפה המובנת להם,,אושרה,/api/v2/bill/7549/
תיקון - הארכת תוקף,/bill/7372/,2014-02-10,חוק התקשורת (המשך שידורי חדשות מקומיות בטלוויזיה) תיקון - הארכת תוקף,,אושרה,/api/v2/bill/7372/
תיקון - הרכב ועדת האתיקה,/bill/7819/,2014-02-03,חוק חסינות חברי הכנסת תיקון - הרכב ועדת האתיקה,,אושרה,/api/v2/bill/7819/
 תיקון מס` 2,/bill/7801/,2014-02-03,חוק להסדרת תוצרת אורגנית  תיקון מס` 2,,אושרה,/api/v2/bill/7801/
תיקון מס` 58 איסור הגבלה או חסימה,/bill/7798/,2014-02-03,חוק התקשורת (בזק ושידורים) תיקון מס` 58 איסור הגבלה או חסימה,,אושרה,/api/v2/bill/7798/
 תיקון מס` 6,/bill/7678/,2014-02-03,חוק תשלום קצבאות לחיילי מילואים ולבני משפחותיהם  תיקון מס` 6,,אושרה,/api/v2/bill/7678/
"תיקון - זכאות שליחי הסוכנות היהודית להצביע בנציגויות ישראל בחו""ל",/bill/7519/,2014-02-03,"חוק הבחירות לכנסת תיקון - זכאות שליחי הסוכנות היהודית להצביע בנציגויות ישראל בחו""ל",,אושרה,/api/v2/bill/7519/
תיקוני חקיקה תיקון,/bill/8131/,2014-01-20,חוק לצמצום הגירעון ולשינוי נטל המס תיקוני חקיקה תיקון,,אושרה,/api/v2/bill/8131/
 תיקוני חקיקה,/bill/8067/,2014-01-20,חוק להקלות בשוק ההון ולעידוד הפעילות בו  תיקוני חקיקה,,אושרה,/api/v2/bill/8067/
תיקון - ייצוג הולם לנשים בוועדה לבחירת שופטים,/bill/7569/,2014-01-20,חוק בתי המשפט תיקון - ייצוג הולם לנשים בוועדה לבחירת שופטים,,אושרה,/api/v2/bill/7569/
הוראת שעה תיקון מס` 2,/bill/8075/,2014-01-06,חוק הקולנוע הוראת שעה תיקון מס` 2,,אושרה,/api/v2/bill/8075/
תיקון - מימוש תווי קנייה,/bill/7433/,2014-01-06,חוק הגנת הצרכן תיקון - מימוש תווי קנייה,,אושרה,/api/v2/bill/7433/
תיקון - הפצת תצלומים בעלי תוכן מיני ללא הסכמת הצדדים,/bill/7367/,2014-01-06,חוק למניעת הטרדה מינית תיקון - הפצת תצלומים בעלי תוכן מיני ללא הסכמת הצדדים,,אושרה,/api/v2/bill/7367/
 תיקון מס` 12,/bill/8062/,2013-12-30,חוק משק החשמל  תיקון מס` 12,,אושרה,/api/v2/bill/8062/
 תיקון,/bill/8058/,2013-12-30,חוק התקציב לשנות הכספים 2013 ו–2014  תיקון,,אושרה,/api/v2/bill/8058/
תיקון - חשבונות בעלי יתרה צבורה נמוכה,/bill/8025/,2013-12-30,חוק הפיקוח על שירותים פיננסיים (קופות גמל) תיקון - חשבונות בעלי יתרה צבורה נמוכה,,אושרה,/api/v2/bill/8025/
 תיקוני חקיקה להשגת יעדי התקציב לשנים 2013 ו–2014,/bill/7601/,2013-12-30,חוק לשינוי סדרי עדיפויות לאומיים  תיקוני חקיקה להשגת יעדי התקציב לשנים 2013 ו–2014,,אושרה,/api/v2/bill/7601/
הצעת חוק לתיקון פקודת המלט (הגבלת משקלו של שק מלט),/bill/7476/,2013-12-30,חוק לתיקון פקודת המלט הצעת חוק לתיקון פקודת המלט (הגבלת משקלו של שק מלט),,אושרה,/api/v2/bill/7476/
חוק לתיקון פקודת המסים (גבייה)  (הוראת שעה),/bill/6948/,2013-12-30,חוק לתיקון פקודת המסים (גביה) חוק לתיקון פקודת המסים (גבייה)  (הוראת שעה),,אושרה,/api/v2/bill/6948/
תיקון - סמכויות פיקוח,/bill/3597/,2013-12-24,חוק צער בעלי חיים (הגנה על בעלי חיים) תיקון - סמכויות פיקוח,,אושרה,/api/v2/bill/3597/
הוראת שעה תיקון,/bill/8084/,2013-12-23,חוק הליכי תכנון ובנייה להאצת הבנייה למגורים הוראת שעה תיקון,,אושרה,/api/v2/bill/8084/
גמלאות תיקון מס` 54,/bill/8070/,2013-12-23,חוק שירות המדינה גמלאות תיקון מס` 54,,אושרה,/api/v2/bill/8070/
 מס` 198,/bill/8069/,2013-12-23,חוק לתיקון פקודת מס הכנסה  מס` 198,,אושרה,/api/v2/bill/8069/
תיקון - השעיית ראש רשות או סגנו שהוגש נגדו כתב אישום,/bill/7650/,2013-12-18,חוק הרשויות המקומיות (בחירת ראש הרשות וסגניו וכהונתם) תיקון - השעיית ראש רשות או סגנו שהוגש נגדו כתב אישום,,אושרה,/api/v2/bill/7650/
תגמולים ושיקום תיקון מס` 28,/bill/8083/,2013-12-02,חוק הנכים תגמולים ושיקום תיקון מס` 28,,אושרה,/api/v2/bill/8083/
תגמולים ושיקום תיקון מס` 27,/bill/7679/,2013-12-02,חוק הנכים תגמולים ושיקום תיקון מס` 27,,אושרה,/api/v2/bill/7679/
"אישור החוק - הצעת חוק שירותי רווחה (מענק הסתגלות לנשים ששהו במקלט לנשים מוכות) (תיקון), התשע""ד-2013",/bill/7555/,2013-12-02,"חוק שירותי רווחה (מענק הסתגלות לנשים ששהו במקלט לנשים מוכות) אישור החוק - הצעת חוק שירותי רווחה (מענק הסתגלות לנשים ששהו במקלט לנשים מוכות) (תיקון), התשע""ד-2013",,אושרה,/api/v2/bill/7555/
תיקון - זקיפת ימי מחלה להורה של אדם עם מוגבלות,/bill/7104/,2013-12-02,חוק דמי מחלה (היעדרות בשל מחלת ילד) תיקון - זקיפת ימי מחלה להורה של אדם עם מוגבלות,,אושרה,/api/v2/bill/7104/
תיקון - הארכת חופשת הלידה בגין אשפוז ילד בפגיה,/bill/4885/,2013-12-02,חוק עבודת נשים תיקון - הארכת חופשת הלידה בגין אשפוז ילד בפגיה,,אושרה,/api/v2/bill/4885/
חוק למניעת הטרדה מינית תיקון מס' 9- ניצול יחסי מרות או תלות על ידי בעל תפקיד ציבורי,/bill/7426/,2013-11-26,חוק למניעת הטרדה מינית חוק למניעת הטרדה מינית תיקון מס' 9- ניצול יחסי מרות או תלות על ידי בעל תפקיד ציבורי,,אושרה,/api/v2/bill/7426/
הבטחת השקעות של רוכשי דירות,/bill/5860/,2013-11-25,חוק המכר (דירות) הבטחת השקעות של רוכשי דירות,,אושרה,/api/v2/bill/5860/
 תיקון מס` 19,/bill/8078/,2013-11-11,חוק שירותי הדת היהודיים  תיקון מס` 19,,אושרה,/api/v2/bill/8078/
 מס' 6,/bill/7167/,2013-11-04,חוק לתיקון פקודת מחלות בעלי חיים  מס' 6,,אושרה,/api/v2/bill/7167/
תיקון - העלאת גיל הנישואין,/bill/3214/,2013-11-04,חוק גיל הנישואין תיקון - העלאת גיל הנישואין,,אושרה,/api/v2/bill/3214/
תיקון - שינוי סדרי הצבעה,/bill/7374/,2013-10-29,חוק יסוד: נשיא המדינה תיקון - שינוי סדרי הצבעה,,אושרה,/api/v2/bill/7374/
שינוי סדרי ההצבעה,/bill/7232/,2013-10-29,חוק מבקר המדינה שינוי סדרי ההצבעה,,אושרה,/api/v2/bill/7232/
תיקון מס` 53 מערכת הצבעה אלקטרונית,/bill/7803/,2013-10-28,חוק ניירות ערך תיקון מס` 53 מערכת הצבעה אלקטרונית,,אושרה,/api/v2/bill/7803/
ע א,/bill/6253/,2013-10-28,חוק לתיקון פקודת הנישואין והגירושין (רישום) ע א,,אושרה,/api/v2/bill/6253/
מספר הסגנים ליושב ראש הכנסת בתקופת כהונתה של הכנסת התשע-עשרה,/bill/7784/,2013-10-15,חוק הכנסת מספר הסגנים ליושב ראש הכנסת בתקופת כהונתה של הכנסת התשע-עשרה,,אושרה,/api/v2/bill/7784/
תיקון - התאחדויות ואיגודי ספורט,/bill/7134/,2013-10-15,חוק חופש המידע תיקון - התאחדויות ואיגודי ספורט,,אושרה,/api/v2/bill/7134/
תיקון מס` 11 סיוע משפטי לניצולי שואה ולנכי המלחמה בנאצים - ביטול המבחן הכלכלי,/bill/7680/,2013-07-31,חוק הסיוע המשפטי תיקון מס` 11 סיוע משפטי לניצולי שואה ולנכי המלחמה בנאצים - ביטול המבחן הכלכלי,,אושרה,/api/v2/bill/7680/
 הוראת שעה,/bill/7634/,2013-07-31,חוק שמירת הניקיון  הוראת שעה,,אושרה,/api/v2/bill/7634/
 הוראת שעה,/bill/7058/,2013-07-31,חוק להגנת הספרות והסופרים בישראל  הוראת שעה,,אושרה,/api/v2/bill/7058/
תיקון - הגדלת סכום הפיצוי ללא הוכחת נזק,/bill/3258/,2013-07-31,חוק למניעת הטרדה מינית תיקון - הגדלת סכום הפיצוי ללא הוכחת נזק,,אושרה,/api/v2/bill/3258/
תיקון - הארכת הוראת השעה בעניין ביצוע בדיקת תלות,/bill/7561/,2013-07-30,חוק הביטוח הלאומי תיקון - הארכת הוראת השעה בעניין ביצוע בדיקת תלות,,אושרה,/api/v2/bill/7561/
תיקון - הוספת ימי חופשה לפי בחירת העובד,/bill/7456/,2013-07-30,חוק חופשה שנתית תיקון - הוספת ימי חופשה לפי בחירת העובד,,אושרה,/api/v2/bill/7456/
תיקוני חקיקה תיקון,/bill/7178/,2013-07-30,חוק להגברת התחרות ולצמצום הריכוזיות וניגודי העניינים בשוק ההון בישראל תיקוני חקיקה תיקון,,אושרה,/api/v2/bill/7178/
תיקוני חקיקה,/bill/5092/,2013-07-30,חוק הודעה לחייל המשוחרר תיקוני חקיקה,,אושרה,/api/v2/bill/5092/
 תיקון מס` 11,/bill/7633/,2013-07-22,חוק משק החשמל  תיקון מס` 11,,אושרה,/api/v2/bill/7633/
הוראת שעה תיקון מס' 5,/bill/7176/,2013-07-22,"חוק גלי צה""ל - שידורי רדיו של צבא הגנה לישראל (שידורי חסות ותשדירי שירות) הוראת שעה תיקון מס' 5",,אושרה,/api/v2/bill/7176/
תיקון -  ראש האופוזיציה,/bill/6880/,2013-07-09,חוק הכנסת תיקון -  ראש האופוזיציה,,אושרה,/api/v2/bill/6880/
 תיקון מס` 3,/bill/7635/,2013-07-08,חוק קביעת הזמן  תיקון מס` 3,,אושרה,/api/v2/bill/7635/
תיקון מס` 8 סמכות כניסה למקום ועריכת חיפוש לצורך הפסקת רעש,/bill/7604/,2013-07-08,חוק למניעת מפגעים תיקון מס` 8 סמכות כניסה למקום ועריכת חיפוש לצורך הפסקת רעש,,אושרה,/api/v2/bill/7604/
אישור החוק - הצעת חוק לימוד חובה (תיקון מס` 32),/bill/7358/,2013-07-08,חוק לימוד חובה אישור החוק - הצעת חוק לימוד חובה (תיקון מס` 32),,אושרה,/api/v2/bill/7358/
תיקון מס' 40 מסלול מזונות,/bill/7011/,2013-07-08,חוק ההוצאה לפועל תיקון מס' 40 מסלול מזונות,,אושרה,/api/v2/bill/7011/
 הוראת שעה,/bill/7603/,2013-07-01,"חוק להשתתפותם של העובדים, נושאי המשרה ובעלי תפקיד אחרים בשירות הציבורי, בצעדים לייצוב המצב הפיסקלי במדינה במהלך השנים 2013 ו–2014  הוראת שעה",,אושרה,/api/v2/bill/7603/
 תיקון מס' 70,/bill/7171/,2013-07-01,חוק לעידוד השקעות הון  תיקון מס' 70,,אושרה,/api/v2/bill/7171/
אישור החוק - הצעת חוק מבקר המדינה (תיקון מס` 46),/bill/6908/,2013-06-25,חוק מבקר המדינה אישור החוק - הצעת חוק מבקר המדינה (תיקון מס` 46),,אושרה,/api/v2/bill/6908/
חוק חדש,/bill/4928/,2013-06-25,חוק יסוד: נשיא המדינה חוק חדש,,אושרה,/api/v2/bill/4928/
תיקון הארכת הוראת השעה,/bill/7548/,2013-06-18,חוק חובת המכרזים תיקון הארכת הוראת השעה,,אושרה,/api/v2/bill/7548/
תיקון - ייצוג הולם לנשים בוועדה למינוי דיינים,/bill/6395/,2013-06-11,חוק הדיינים תיקון - ייצוג הולם לנשים בוועדה למינוי דיינים,,אושרה,/api/v2/bill/6395/
הוראת שעה,/bill/7479/,2013-06-10,חוק יסודות התקציב (תיקון -  יושב ראש הוועדה המשותפת לתקציב הביטחון) הוראת שעה,,אושרה,/api/v2/bill/7479/
עבירות ושיפוט איסור הוצאה מישראל של כספי מסתנן - הוראת שעה,/bill/7140/,2013-06-03,חוק למניעת הסתננות עבירות ושיפוט איסור הוצאה מישראל של כספי מסתנן - הוראת שעה,,אושרה,/api/v2/bill/7140/
הוראת שעה תיקון מס` 3,/bill/7449/,2013-05-20,חוק–יסוד: תקציב המדינה לשנים 2009 עד 2012 ולשנת 2013 (הוראות מיוחדות) הוראת שעה תיקון מס` 3,,אושרה,/api/v2/bill/7449/
בחירות הוראת שעה,/bill/7446/,2013-05-20,חוק הרשויות המקומיות בחירות הוראת שעה,,אושרה,/api/v2/bill/7446/
תיקון - הארכת הוראת שעה בעניין ביטול מאסר חייבים,/bill/7238/,2013-05-13,"חוק ההוצאה לפועל (תיקון מס"" 29) תיקון - הארכת הוראת שעה בעניין ביטול מאסר חייבים",,אושרה,/api/v2/bill/7238/
שבח ורכישה תיקון מס` 76,/bill/7442/,2013-05-06,חוק מיסוי מקרקעין שבח ורכישה תיקון מס` 76,,אושרה,/api/v2/bill/7442/
 הוראת שעה)(תיקון מס` 3,/bill/7447/,2013-04-30,חוק פיקוח אלקטרוני על משוחררים בערובה ומשוחררים על–תנאי ממאסר  הוראת שעה)(תיקון מס` 3,,אושרה,/api/v2/bill/7447/
הוראת שעה ותיקון חקיקה תיקון,/bill/7448/,2013-04-29,חוק המאבק בתופעת השכרות הוראת שעה ותיקון חקיקה תיקון,,אושרה,/api/v2/bill/7448/
הוראת שעה תיקון מס` 15,/bill/7445/,2013-04-29,חוק שירות ביטחון הוראת שעה תיקון מס` 15,,אושרה,/api/v2/bill/7445/
הוראת שעה תיקון מס` 3)(הארכת תוקף,/bill/7444/,2013-04-29,חוק סדר הדין הפלילי (עצור החשוד בעבירת ביטחון) הוראת שעה תיקון מס` 3)(הארכת תוקף,,אושרה,/api/v2/bill/7444/
הצעת חוק לתיקון פקודת הרוקחים (מס` 20) (תיקון מס` 2 - הוראת שעה),/bill/7443/,2013-04-29,הצעת חוק לתיקון פקודת הרוקחים (מס` 20) (תיקון מס` 2 - הוראת שעה),,אושרה,/api/v2/bill/7443/
הארכת כהונה של הרבנים הראשיים לישראל הוראת שעה,/bill/7168/,2013-03-19,חוק הרבנות הראשית לישראל הארכת כהונה של הרבנים הראשיים לישראל הוראת שעה,,אושרה,/api/v2/bill/7168/
 תיקון מס` 37,/bill/7381/,2012-12-21,חוק הרשות השנייה לטלוויזיה ורדיו  תיקון מס` 37,,אושרה,/api/v2/bill/7381/
 תיקון מס' 69 והוראת שעה,/bill/7147/,2012-11-05,חוק לעידוד השקעות הון  תיקון מס' 69 והוראת שעה,,אושרה,/api/v2/bill/7147/
תיקון מס' 41 זכאי בגיל פרישה שיצא את ישראל,/bill/7137/,2012-11-05,חוק הבטחת הכנסה תיקון מס' 41 זכאי בגיל פרישה שיצא את ישראל,,אושרה,/api/v2/bill/7137/
 מענק הסתגלות לנשים ששהו במקלט לנשים מוכות,/bill/6757/,2012-11-05,חוק הבטחת הכנסה  מענק הסתגלות לנשים ששהו במקלט לנשים מוכות,,אושרה,/api/v2/bill/6757/
חיוב מוגדל בשל נסיעה ללא כרטיס ברכבת מקומית - הפחתת הסכום וערר,/bill/6756/,2012-11-05,חוק לתיקון פקודת מסילות הברזל חיוב מוגדל בשל נסיעה ללא כרטיס ברכבת מקומית - הפחתת הסכום וערר,,אושרה,/api/v2/bill/6756/
 תיקון מס' 60,/bill/6194/,2012-11-05,חוק הבחירות לכנסת  תיקון מס' 60,,אושרה,/api/v2/bill/6194/
פטור ממס לרשויות מקומיות על דיבידנד מחברות עירוניות,/bill/3171/,2012-11-05,חוק לתיקון פקודת מס הכנסה פטור ממס לרשויות מקומיות על דיבידנד מחברות עירוניות,,אושרה,/api/v2/bill/3171/
חוק חדש,/bill/3105/,2012-11-05,חוק ההנדסאים והטכנאים חוק חדש,,אושרה,/api/v2/bill/3105/
חוק חדש,/bill/3715/,2012-10-16,חוק התפזרות הכנסת השמונה-עשרה חוק חדש,,אושרה,/api/v2/bill/3715/
 תיקון מס' 40,/bill/7059/,2012-07-25,חוק הבטחת הכנסה  תיקון מס' 40,,אושרה,/api/v2/bill/7059/
השבה ליורשים והקדשה למטרות סיוע והנצחה תיקון,/bill/7051/,2012-07-25,חוק נכסים של נספי השואה השבה ליורשים והקדשה למטרות סיוע והנצחה תיקון,,אושרה,/api/v2/bill/7051/
תיקון דחיית מועד התחילה,/bill/6976/,2012-07-25,"חוק לתיקון פקודת הרוקחים (מס"" 20) תיקון דחיית מועד התחילה",,אושרה,/api/v2/bill/6976/
תיקון מס' 2 הארכת תקופת ההתיישנות בתובענה לקבלת הפרשי שכר או גמול אחר,/bill/6917/,2012-07-25,חוק שכר שווה לעובדת ולעובד תיקון מס' 2 הארכת תקופת ההתיישנות בתובענה לקבלת הפרשי שכר או גמול אחר,,אושרה,/api/v2/bill/6917/
תיקון מס' 3 הארכת המועד להגשת בקשות לפי הוראות המעבר,/bill/6883/,2012-07-25,חוק הסדרת העיסוק במקצועות הבריאות תיקון מס' 3 הארכת המועד להגשת בקשות לפי הוראות המעבר,,אושרה,/api/v2/bill/6883/
תיקון מתן קדימות לכל תורם אבר מן החי,/bill/6602/,2012-07-25,חוק השתלת אברים תיקון מתן קדימות לכל תורם אבר מן החי,,אושרה,/api/v2/bill/6602/
חוק חדש,/bill/6527/,2012-07-25,"ב ט' בטבת התשע"" חוק חדש",,אושרה,/api/v2/bill/6527/
סעיף 31א1 סעיף 31א1,/bill/5828/,2012-07-25,חוק הגנת הצרכן סעיף 31א1 סעיף 31א1,,אושרה,/api/v2/bill/5828/
חובת סימון אבני שפה בתחומי עירייה ורשות מקומית,/bill/5801/,2012-07-25,חוק לתיקון פקודת התעבורה חובת סימון אבני שפה בתחומי עירייה ורשות מקומית,,אושרה,/api/v2/bill/5801/
ימאים תיקון מס' 6,/bill/5681/,2012-07-25,חוק הספנות ימאים תיקון מס' 6,,אושרה,/api/v2/bill/5681/
תיקון מס' 74 חיזוק בנייה מפני רעידות אדמה,/bill/6088/,2012-07-24,חוק לעידוד חיזוק בנייה מפני רעידות אדמה תיקון מס' 74 חיזוק בנייה מפני רעידות אדמה,,אושרה,/api/v2/bill/6088/
תיקון מס' 10 רשימת מועמדים משותפת,/bill/5824/,2012-07-24,חוק הרשויות המקומיות (מימון בחירות) תיקון מס' 10 רשימת מועמדים משותפת,,אושרה,/api/v2/bill/5824/
תיקון מס' 71 פומביות הדיון בעבירות אלימות במשפחה,/bill/6011/,2012-07-17,חוק בתי המשפט תיקון מס' 71 פומביות הדיון בעבירות אלימות במשפחה,,אושרה,/api/v2/bill/6011/
תיקון - ירושה מכוח אימוץ,/bill/4777/,2012-07-17,חוק הירושה תיקון - ירושה מכוח אימוץ,,אושרה,/api/v2/bill/4777/
תיקון - הגדרת מחשב,/bill/6326/,2012-07-10,חוק המחשבים תיקון - הגדרת מחשב,,אושרה,/api/v2/bill/6326/
תיקון - קשר קטין עם הורי הוריו,/bill/5868/,2012-07-10,חוק הכשרות המשפטית והאפוטרופסות תיקון - קשר קטין עם הורי הוריו,,אושרה,/api/v2/bill/5868/
תיקון - קרן ייעודית לחינוך,/bill/5088/,2012-07-10,חוק התכנון והבניה תיקון - קרן ייעודית לחינוך,,אושרה,/api/v2/bill/5088/
חוק חדש,/bill/6994/,2012-07-09,"ב כ""ח בסיוון התשע"" חוק חדש",,אושרה,/api/v2/bill/6994/
תיקון מס' 14 העסקה שלא כדין - הגברת האכיפה,/bill/5708/,2012-07-09,חוק עובדים זרים תיקון מס' 14 העסקה שלא כדין - הגברת האכיפה,,אושרה,/api/v2/bill/5708/
 תיקון מס' 4,/bill/5642/,2012-07-09,חוק החוזים האחידים  תיקון מס' 4,,אושרה,/api/v2/bill/5642/
תיקון - ביטול התנאי להתרחשותה של חבלה במהלך ארבעה-עשר הימים הראשונים של החופשה,/bill/6666/,2012-07-03,חוק תגמולים לחיילים ולבני משפחותיהם (חבלה שלא בעת מילוי תפקיד) תיקון - ביטול התנאי להתרחשותה של חבלה במהלך ארבעה-עשר הימים הראשונים של החופשה,,אושרה,/api/v2/bill/6666/
תיקון מס' 45 השלמת דין וחשבון וחוות דעת על ידי מבקר שכהונתו תמה,/bill/7008/,2012-06-26,חוק מבקר המדינה תיקון מס' 45 השלמת דין וחשבון וחוות דעת על ידי מבקר שכהונתו תמה,,אושרה,/api/v2/bill/7008/
יושב ראש ועדת הפנים והגנת הסביבה - מבקר רשמי,/bill/6553/,2012-06-25,חוק לתיקון פקודת בתי הסוהר יושב ראש ועדת הפנים והגנת הסביבה - מבקר רשמי,,אושרה,/api/v2/bill/6553/
ועדות חקלאיות,/bill/6052/,2012-06-25,חוק לתיקון פקודת העיריות ועדות חקלאיות,,אושרה,/api/v2/bill/6052/
תיקון - עדכון המשכורת הקובעת,/bill/6246/,2012-06-18,חוק שירות הקבע בצבא הגנה לישראל (גמלאות) תיקון - עדכון המשכורת הקובעת,,אושרה,/api/v2/bill/6246/
פטור למרכזי יום לאנשים עם מוגבלות,/bill/6067/,2012-06-18,חוק לתיקון פקודת מסי העיריה ומסי הממשלה (פיטורין) פטור למרכזי יום לאנשים עם מוגבלות,,אושרה,/api/v2/bill/6067/
תיקון - סירוס ועיקור כלבים,/bill/6282/,2012-05-29,חוק להסדרת הפיקוח על כלבים תיקון - סירוס ועיקור כלבים,,אושרה,/api/v2/bill/6282/
תיקון - הוראות שונות,/bill/5873/,2012-05-29,חוק הספורט תיקון - הוראות שונות,,אושרה,/api/v2/bill/5873/
 72 ביולי 1102,/bill/2995/,2012-05-22,חוק העונשין  72 ביולי 1102,,אושרה,/api/v2/bill/2995/
תיקון - מסירת מידע ממרשם האוכלוסין לצורך ניהול בחירות מקדימות,/bill/6427/,2012-05-21,חוק המפלגות תיקון - מסירת מידע ממרשם האוכלוסין לצורך ניהול בחירות מקדימות,,אושרה,/api/v2/bill/6427/
חוק חדש,/bill/3901/,2012-05-21,חוק פיצוי וסיוע לנוסעים עקב עיכוב או דחייה בטיסה חוק חדש,,אושרה,/api/v2/bill/3901/
חוק חדש,/bill/3421/,2012-05-21,חוק הדיור המוגן חוק חדש,,אושרה,/api/v2/bill/3421/
תיקון - הודעת בנק לבעל החשבון,/bill/6273/,2012-05-08,חוק שיקים ללא כיסוי תיקון - הודעת בנק לבעל החשבון,,אושרה,/api/v2/bill/6273/
איסור אפליה בשל גיל,/bill/5813/,2012-05-08,חוק לתיקון חובת המכרזים איסור אפליה בשל גיל,,אושרה,/api/v2/bill/5813/
מס' 11 איסור קבלה או רכישה של חומר חציבה שנכרה ללא רישיון,/bill/5278/,2012-05-08,חוק לתיקון פקודת המכרות מס' 11 איסור קבלה או רכישה של חומר חציבה שנכרה ללא רישיון,,אושרה,/api/v2/bill/5278/
תיקון - פרסום החלטות,/bill/5054/,2012-05-08,חוק רשות מקרקעי ישראל תיקון - פרסום החלטות,,אושרה,/api/v2/bill/5054/
תנאי כליאה הולמים,/bill/4493/,2012-05-08,חוק לתיקון פקודת בתי הסוהר תנאי כליאה הולמים,,אושרה,/api/v2/bill/4493/
תיקון - חובת השאלת ספרי לימוד,/bill/3556/,2012-05-08,חוק השאלת ספרי לימוד תיקון - חובת השאלת ספרי לימוד,,אושרה,/api/v2/bill/3556/
תיקון - קביעת גודל מזערי לאותיות בדוחות בנקאיים לאזרח ותיק,/bill/3090/,2012-05-08,חוק הבנקאות (שירות ללקוח) תיקון - קביעת גודל מזערי לאותיות בדוחות בנקאיים לאזרח ותיק,,אושרה,/api/v2/bill/3090/
תיקון מס' 13 קבוצות ריכוז,/bill/2982/,2012-05-08,חוק ההגבלים העסקיים תיקון מס' 13 קבוצות ריכוז,,אושרה,/api/v2/bill/2982/
"תיקון - שלילת הזכאות לדמי הביטוח הלאומי עקב השתתפות בפעילות חבלנית נגד מדינת ישראל, תושביה ואזרחיה",/bill/2959/,2012-05-08,"חוק הביטוח הלאומי תיקון - שלילת הזכאות לדמי הביטוח הלאומי עקב השתתפות בפעילות חבלנית נגד מדינת ישראל, תושביה ואזרחיה",,אושרה,/api/v2/bill/2959/
תיקון - הודעת תשלום קנס בשל חניה במקום אסור,/bill/3416/,2012-05-07,חוק חניה לנכים תיקון - הודעת תשלום קנס בשל חניה במקום אסור,,אושרה,/api/v2/bill/3416/
תיקון - חובת רישום כמפלגה,/bill/6624/,2012-03-21,חוק המפלגות תיקון - חובת רישום כמפלגה,,אושרה,/api/v2/bill/6624/
 72 ביולי 1102,/bill/6288/,2012-03-21,"חוק הביטוח הלאומי (תיקון מס"" 7)  72 ביולי 1102",,אושרה,/api/v2/bill/6288/
תיקון - איסור תשלום והפסד הטבה בשל ביטול הסכם למתן שירותי רדיו טלפון נייד,/bill/6093/,2012-03-21,חוק התקשורת (בזק ושידורים) תיקון - איסור תשלום והפסד הטבה בשל ביטול הסכם למתן שירותי רדיו טלפון נייד,,אושרה,/api/v2/bill/6093/
תיקון - זכאות להשלמת תגמול צורך,/bill/5945/,2012-03-21,חוק נכי רדיפות הנאצים תיקון - זכאות להשלמת תגמול צורך,,אושרה,/api/v2/bill/5945/
תיקון - סיכום שנתי בעסקה מתמשכת,/bill/5829/,2012-03-21,חוק הגנת הצרכן תיקון - סיכום שנתי בעסקה מתמשכת,,אושרה,/api/v2/bill/5829/
תיקון - תשלומי חשמל מופחתים לקשישים נכים,/bill/4164/,2012-03-21,חוק משק החשמל תיקון - תשלומי חשמל מופחתים לקשישים נכים,,אושרה,/api/v2/bill/4164/
תיקון מס' 32 זיכוי בשל ביטול עסקה,/bill/3159/,2012-03-21,חוק הגנת הצרכן תיקון מס' 32 זיכוי בשל ביטול עסקה,,אושרה,/api/v2/bill/3159/
תיקון - תוספת מענק לפדויי שבי קשישים,/bill/6552/,2012-03-19,חוק תשלומים לפדויי שבי תיקון - תוספת מענק לפדויי שבי קשישים,,אושרה,/api/v2/bill/6552/
חוק הגנת הסביבה מרשם לאומי לשחרור כימיקלים לסביבה ולהעברתם,/bill/5913/,2012-03-19,חוק הגנת הסביבה מרשם לאומי לשחרור כימיקלים לסביבה ולהעברתם,"חוק המפל""ס",אושרה,/api/v2/bill/5913/
תיקון - הפעלת צו הגבלה,/bill/5793/,2012-03-19,חוק בתי דין רבניים (קיום פסקי דין של גירושין) תיקון - הפעלת צו הגבלה,,אושרה,/api/v2/bill/5793/
תיקון מס' 6 אגרות בעד שירות הסעת חירום,/bill/5639/,2012-03-19,חוק מגן דוד אדום תיקון מס' 6 אגרות בעד שירות הסעת חירום,,אושרה,/api/v2/bill/5639/
תאגיד לתעסוקת נכים ומוגבלים,/bill/4746/,2012-03-19,חוק לתיקון פקודת מסי העירייה ומסי ממשלה (פטורין) תאגיד לתעסוקת נכים ומוגבלים,,אושרה,/api/v2/bill/4746/
תיקון - זכאות לגמלה בתקופת שהייה במקלט לנשים מוכות,/bill/4076/,2012-03-19,חוק הבטחת הכנסה תיקון - זכאות לגמלה בתקופת שהייה במקלט לנשים מוכות,,אושרה,/api/v2/bill/4076/
חוק חדש,/bill/3283/,2012-03-19,חוק הגבלת משקל בתעשיית הדוגמנות חוק חדש,,אושרה,/api/v2/bill/3283/
תיקון - ייצוג הולם של בני העדה הדרוזית,/bill/5478/,2012-03-13,חוק החברות הממשלתיות תיקון - ייצוג הולם של בני העדה הדרוזית,,אושרה,/api/v2/bill/5478/
 22 בפברואר 2102,/bill/6435/,2012-03-12,חוק תשלום קצבאות לחיילי מילואים ולבני משפחותיהם  22 בפברואר 2102,,אושרה,/api/v2/bill/6435/
 תיקון מס' 18,/bill/5721/,2012-03-12,חוק שירות ביטחון  תיקון מס' 18,,אושרה,/api/v2/bill/5721/
 תיקוני חקיקה,/bill/5633/,2012-03-12,חוק הבנקאות  תיקוני חקיקה,,אושרה,/api/v2/bill/5633/
חוק חדש,/bill/5594/,2012-03-12,חוק נגישות לדיווח על נהיגה מסוכנת בחברות חוק חדש,,אושרה,/api/v2/bill/5594/
תיקון - שינוי הרכב ועדת ערר,/bill/3745/,2012-03-12,חוק שירותי הסעד תיקון - שינוי הרכב ועדת ערר,,אושרה,/api/v2/bill/3745/
הוראות שעה,/bill/3369/,2012-03-12,חוק שהייה שלא כדין (איסור סיוע) הוראות שעה,,אושרה,/api/v2/bill/3369/
תיקון מס' 5 מועד ביטול פוליסה,/bill/2883/,2012-03-12,חוק הפיקוח על שירותים פיננסיים (ביטוח) תיקון מס' 5 מועד ביטול פוליסה,,אושרה,/api/v2/bill/2883/
תיקון - רישום על פי פסק דין,/bill/5821/,2012-03-05,חוק מרשם האוכלוסין תיקון - רישום על פי פסק דין,,אושרה,/api/v2/bill/5821/
שינוי מרכיב ההעמסה בתעריף הביטוח,/bill/6549/,2012-02-28,חוק לתיקון פקודת ביטוח רכב מנועי שינוי מרכיב ההעמסה בתעריף הביטוח,,אושרה,/api/v2/bill/6549/
מס' 187 נקודות זיכוי למסיים תואר אקדמי בתחום עיסוק שנדרשת בו התמחות,/bill/5359/,2012-02-28,חוק לתיקון פקודת מס הכנסה מס' 187 נקודות זיכוי למסיים תואר אקדמי בתחום עיסוק שנדרשת בו התמחות,,אושרה,/api/v2/bill/5359/
תיקון - זכאי שבות,/bill/6277/,2012-02-27,חוק הכניסה לישראל תיקון - זכאי שבות,,אושרה,/api/v2/bill/6277/
תיקון מס' 31 מימון סיעה שהתפלגה,/bill/5754/,2012-02-27,חוק מימון מפלגות תיקון מס' 31 מימון סיעה שהתפלגה,,אושרה,/api/v2/bill/5754/
תיקון מס' 136 הארכת התקופה לזכאות למענק עבודה מועדפת לחיילי מילואים,/bill/6021/,2012-02-20,חוק הביטוח הלאומי תיקון מס' 136 הארכת התקופה לזכאות למענק עבודה מועדפת לחיילי מילואים,,אושרה,/api/v2/bill/6021/
תיקון - איסור גביה,/bill/5980/,2012-02-20,חוק יום הזכרון לחללי מערכות ישראל תיקון - איסור גביה,,אושרה,/api/v2/bill/5980/
פטור מארנונה למסגרות שיקום לנכי נפש,/bill/4970/,2012-02-20,חוק לתיקון פקודת מסי העירייה ומסי הממשלה (פטורין) פטור מארנונה למסגרות שיקום לנכי נפש,,אושרה,/api/v2/bill/4970/
חוק חדש,/bill/4933/,2012-02-20,חוק זכויות הסוכן ומעמדו חוק חדש,,אושרה,/api/v2/bill/4933/
 72 ביולי 1102,/bill/3296/,2012-02-20,חוק עבודת נשים  72 ביולי 1102,,אושרה,/api/v2/bill/3296/
תיקון מס' 12 פיצוי לקטין שניזוק מעבירה,/bill/4234/,2012-02-07,חוק העונשין תיקון מס' 12 פיצוי לקטין שניזוק מעבירה,,אושרה,/api/v2/bill/4234/
"תיקון - ביטול התניית מזונות ביציאה לחו""ל",/bill/3148/,2012-01-24,"חוק המזונות (הבטחת תשלום) תיקון - ביטול התניית מזונות ביציאה לחו""ל",,אושרה,/api/v2/bill/3148/
חוק חדש,/bill/3438/,2012-01-23,חוק הגבלת הפרסומת והשיווק של משקאות אלכוהוליים חוק חדש,,אושרה,/api/v2/bill/3438/
תיקון - איסור עיקול דמי ליווי,/bill/5518/,2012-01-17,חוק ההוצאה לפועל תיקון - איסור עיקול דמי ליווי,,אושרה,/api/v2/bill/5518/
תיקון מס' 4 זכויות בעת פירוד,/bill/2879/,2012-01-17,חוק זכויות הדייר בדיור הציבורי תיקון מס' 4 זכויות בעת פירוד,,אושרה,/api/v2/bill/2879/
תיקון - הרחבת איסור האפליה,/bill/5814/,2012-01-16,חוק שירות התעסוקה תיקון - הרחבת איסור האפליה,,אושרה,/api/v2/bill/5814/
 תיקוני חקיקה,/bill/5046/,2012-01-16,חוק רישום כתובת של הורים גרושים  תיקוני חקיקה,,אושרה,/api/v2/bill/5046/
בחינת רישוי ברוקחות להלן  הפקודה,/bill/3016/,2012-01-16,חוק לתיקון פקודת הרוקחים בחינת רישוי ברוקחות להלן  הפקודה,,אושרה,/api/v2/bill/3016/
תיקון - התאמה לחוק הבחירות לכנסת,/bill/5978/,2012-01-10,חוק הכנסת תיקון - התאמה לחוק הבחירות לכנסת,,אושרה,/api/v2/bill/5978/
תיקון - מלווה מחמת מחלה או מום,/bill/5944/,2012-01-10,חוק הרשויות המקומיות (בחירות) תיקון - מלווה מחמת מחלה או מום,,אושרה,/api/v2/bill/5944/
תיקון - מינוי נשיא,/bill/5931/,2012-01-02,חוק בתי המשפט תיקון - מינוי נשיא,,אושרה,/api/v2/bill/5931/
תיקון - הכללת עבירת הפקרה לאחר תאונה,/bill/6016/,2011-12-27,חוק זכויות נפגעי עבירה תיקון - הכללת עבירת הפקרה לאחר תאונה,,אושרה,/api/v2/bill/6016/
תיקון - ביטול העלאה אוטומטית של גיל הפרישה,/bill/5249/,2011-12-26,חוק גיל פרישה תיקון - ביטול העלאה אוטומטית של גיל הפרישה,,אושרה,/api/v2/bill/5249/
תיקון - דיווח על ביצוע תקציב הכנסת,/bill/6045/,2011-12-19,חוק יסודות התקציב תיקון - דיווח על ביצוע תקציב הכנסת,,אושרה,/api/v2/bill/6045/
חוק חדש,/bill/5040/,2011-12-19,"חוק תשלום קצבאות מילואים לאלמנות צה""ל ומערכות ישראל חוק חדש",,אושרה,/api/v2/bill/5040/
תיקון מס' 15 איסור גביית עמלת פירעון מוקדם בעת מימוש נכס,/bill/4259/,2011-12-13,חוק הבנקאות (שירות ללקוח) תיקון מס' 15 איסור גביית עמלת פירעון מוקדם בעת מימוש נכס,,אושרה,/api/v2/bill/4259/
תיקון - איסור מכירת ספר לימוד במארז,/bill/3423/,2011-12-12,חוק חינוך ממלכתי תיקון - איסור מכירת ספר לימוד במארז,,אושרה,/api/v2/bill/3423/
תיקון - פטור מדמי ביטוח לתלמיד מכינה קדם-צבאית,/bill/6055/,2011-11-28,חוק הביטוח הלאומי תיקון - פטור מדמי ביטוח לתלמיד מכינה קדם-צבאית,,אושרה,/api/v2/bill/6055/
תיקון מס' 9 איסור עקירת ציפורניים,/bill/5560/,2011-11-28,חוק צער בעלי חיים (הגנה על בעלי חיים) תיקון מס' 9 איסור עקירת ציפורניים,,אושרה,/api/v2/bill/5560/
מס' 103 התנאים להעברת רישיון רכב,/bill/5262/,2011-11-28,חוק לתיקון פקודת התעבורה מס' 103 התנאים להעברת רישיון רכב,,אושרה,/api/v2/bill/5262/
תיקון מס' 33 שכר ותשלומים אחרים למי שחברותו בכנסת הושעתה,/bill/5921/,2011-11-07,חוק הכנסת תיקון מס' 33 שכר ותשלומים אחרים למי שחברותו בכנסת הושעתה,,אושרה,/api/v2/bill/5921/
 תיקון מס' 11,/bill/5634/,2011-11-07,"חוק המרכז לגביית קנסות, אגרות והוצאות  תיקון מס' 11",,אושרה,/api/v2/bill/5634/
מס' 4 סייג לאחריות סוכן מכס,/bill/5336/,2011-11-07,חוק פקודת הנמלים מס' 4 סייג לאחריות סוכן מכס,,אושרה,/api/v2/bill/5336/
 תיקוני חקיקה,/bill/5052/,2011-11-07,חוק החברות  תיקוני חקיקה,,אושרה,/api/v2/bill/5052/
מס' 104 החמרת הענישה בעבירת ההפקרה,/bill/3042/,2011-11-07,חוק לתיקון פקודת התעבורה מס' 104 החמרת הענישה בעבירת ההפקרה,,אושרה,/api/v2/bill/3042/
תיקון מס' 3 הארכת תוקף הטבות המס,/bill/5983/,2011-08-04,חוק סיוע לשדרות וליישובי הנגב המערבי (הוראת שעה) תיקון מס' 3 הארכת תוקף הטבות המס,,אושרה,/api/v2/bill/5983/
תיקון מס' 130 חישוב הכנסה מרנטה לשם קביעת זכאות של ניצולי השואה לגמלת סיעוד,/bill/5936/,2011-08-04,חוק הביטוח הלאומי תיקון מס' 130 חישוב הכנסה מרנטה לשם קביעת זכאות של ניצולי השואה לגמלת סיעוד,,אושרה,/api/v2/bill/5936/
תיקון מס' 4 פיצוי למניעת חסרון־כיס לעסק שהעתיק את פעילותו,/bill/5809/,2011-08-04,חוק יישום תכנית ההתנתקות תיקון מס' 4 פיצוי למניעת חסרון־כיס לעסק שהעתיק את פעילותו,,אושרה,/api/v2/bill/5809/
חוק חדש,/bill/5678/,2011-08-04,"חוק לפיקוח על ייצור הצמח ושיווקו התש""ע-.2010 חוק חדש",,אושרה,/api/v2/bill/5678/
 תיקון מס' 16,/bill/5652/,2011-08-04,חוק ההתגוננות האזרחית  תיקון מס' 16,,אושרה,/api/v2/bill/5652/
תיקון מס' 17 סליקת עסקאות בכרטיסי חיוב,/bill/5624/,2011-08-04,חוק הבנקאות (רישוי) תיקון מס' 17 סליקת עסקאות בכרטיסי חיוב,,אושרה,/api/v2/bill/5624/
תיקון מס' 6 איסור הצבת מכונות מכירה,/bill/5296/,2011-08-04,חוק הגבלת הפרסומת והשיווק של מוצרי טבק תיקון מס' 6 איסור הצבת מכונות מכירה,,אושרה,/api/v2/bill/5296/
תיקון מס' 40 הגבלת זכות המנהל הכללי להיבחר,/bill/5198/,2011-08-04,חוק הרשויות המקומיות (בחירות) תיקון מס' 40 הגבלת זכות המנהל הכללי להיבחר,,אושרה,/api/v2/bill/5198/
מס' 94 חובת חבישת קסדה – סייגים לתחולה,/bill/4848/,2011-08-04,חוק לתיקון פקודת התעבורה מס' 94 חובת חבישת קסדה – סייגים לתחולה,,אושרה,/api/v2/bill/4848/
 32 ביוני 0102,/bill/3032/,2011-08-04,חוק הגנת הצרכן  32 ביוני 0102,,אושרה,/api/v2/bill/3032/
מס' 19 מרכיב ההעמסה בתעריף הביטוח,/bill/3030/,2011-08-04,חוק לתיקון פקודת ביטוח רכב מנועי מס' 19 מרכיב ההעמסה בתעריף הביטוח,,אושרה,/api/v2/bill/3030/
תיקון מס' 4 אכיפה אזרחית,/bill/2985/,2011-08-04,חוק הודעה לעובד (תנאי עבודה) תיקון מס' 4 אכיפה אזרחית,,אושרה,/api/v2/bill/2985/
"חוק זכויות, שירותים והתאמות בחינוך לילדים עם צרכים מיוחדים, התשע""ד–2014",/bill/8487/,2011-08-03,"חוק זכויות חוק זכויות, שירותים והתאמות בחינוך לילדים עם צרכים מיוחדים, התשע""ד–2014",,אושרה,/api/v2/bill/8487/
הצעת חוק הליכי התכנון ובנייה להאצת הבנייה למגורים (הוראת שעה),/bill/6083/,2011-08-03, הצעת חוק הליכי התכנון ובנייה להאצת הבנייה למגורים (הוראת שעה),"הצעת חוק הוד""לים",אושרה,/api/v2/bill/6083/
הצעת חוק המועצה להשכלה גבוהה (תיקון מס' 16) (גמול והחזר הוצאות לחברי המועצה וועדותיה),/bill/5967/,2011-08-03, הצעת חוק המועצה להשכלה גבוהה (תיקון מס' 16) (גמול והחזר הוצאות לחברי המועצה וועדותיה),,אושרה,/api/v2/bill/5967/
 תיקוני חקיקה,/bill/5648/,2011-08-03,חוק הגברת האכיפה בשוק ההון  תיקוני חקיקה,,אושרה,/api/v2/bill/5648/
 תיקון מס' 17,/bill/5643/,2011-08-03,חוק שמירת הניקיון  תיקון מס' 17,,אושרה,/api/v2/bill/5643/
 מס' 180,/bill/5638/,2011-08-03,חוק לתיקון פקודת מס הכנסה  מס' 180,,אושרה,/api/v2/bill/5638/
 מס' 6,/bill/5627/,2011-08-03,חוק לתיקון פקודת מסילות הברזל  מס' 6,,אושרה,/api/v2/bill/5627/
תיקון מס' 31 מדבקת אחריות,/bill/5482/,2011-08-03,חוק הגנת הצרכן תיקון מס' 31 מדבקת אחריות,,אושרה,/api/v2/bill/5482/
תיקון מס' 20 הגנת קטין מפני פרסומים מזיקים,/bill/5406/,2011-08-03,חוק הנוער (טיפול והשגחה) תיקון מס' 20 הגנת קטין מפני פרסומים מזיקים,,אושרה,/api/v2/bill/5406/
תיקון מס' 51 השקעה בהפקות מקומיות בשפה האמהרית,/bill/5374/,2011-08-03,חוק התקשורת (בזק ושידורים) תיקון מס' 51 השקעה בהפקות מקומיות בשפה האמהרית,,אושרה,/api/v2/bill/5374/
תיקון - איסור על קנסות יציאה,/bill/5373/,2011-08-03,חוק התקשורת (בזק ושידורים) תיקון - איסור על קנסות יציאה,,אושרה,/api/v2/bill/5373/
הגבלת ביקור אסיר בטחוני,/bill/2954/,2011-08-03,חוק לתיקון פקודת בתי הסוהר הגבלת ביקור אסיר בטחוני,,אושרה,/api/v2/bill/2954/
חוק חדש,/bill/3008/,2011-07-27,חוק המועצה הארצית למזון ולביטחון תזונתי חוק חדש,,אושרה,/api/v2/bill/3008/
תיקון מס' 30 תגמולים ליתום משני הוריו,/bill/6180/,2011-07-25,חוק התגמולים לנפגעי פעולות איבה תיקון מס' 30 תגמולים ליתום משני הוריו,,אושרה,/api/v2/bill/6180/
חוק חדש,/bill/4451/,2011-07-25,חוק למניעת אלימות נגד מטפלים חוק חדש,,אושרה,/api/v2/bill/4451/
מס' 5 הנפקת פנקסי שיקים המשורטטים למוטב בלבד,/bill/3427/,2011-07-25,חוק לתיקון פקודת השטרות מס' 5 הנפקת פנקסי שיקים המשורטטים למוטב בלבד,,אושרה,/api/v2/bill/3427/
איסור צילום של נפגע עבירת מין,/bill/3250/,2011-07-19,חוק העונשין איסור צילום של נפגע עבירת מין,,אושרה,/api/v2/bill/3250/
תיקון מס' 28 תעמולה ברדיו אזורי בבחירות לראשות מועצה אזורית,/bill/3131/,2011-07-19,חוק הבחירות (דרכי תעמולה) תיקון מס' 28 תעמולה ברדיו אזורי בבחירות לראשות מועצה אזורית,,אושרה,/api/v2/bill/3131/
 תיקון מס' 11,/bill/5646/,2011-07-18,חוק ההגבלים העסקיים  תיקון מס' 11,,אושרה,/api/v2/bill/5646/
חזקת מפיק תקליט 3,/bill/3308/,2011-07-18,חוק זכות יוצרים תיקון - חזקת מפיק תקליט,,אושרה,/api/v2/bill/3308/
תיקון מס' 30 מועדים לתשלום באמצעות הרשאה לחיוב חשבון,/bill/3034/,2011-07-18,חוק הגנת הצרכן תיקון מס' 30 מועדים לתשלום באמצעות הרשאה לחיוב חשבון,,אושרה,/api/v2/bill/3034/
תיקון מס' 19 פרסום תשקיף בעיתון,/bill/5327/,2011-07-11,חוק השקעות משותפות בנאמנות תיקון מס' 19 פרסום תשקיף בעיתון,,אושרה,/api/v2/bill/5327/
 תיקוני חקיקה,/bill/5257/,2011-07-11,חוק הקמת מוזיאונים וביטול סייג לכהונה במרכזי ההנצחה לזכרם של מנחם בגין ויצחק רבין  תיקוני חקיקה,,אושרה,/api/v2/bill/5257/
תיקון מס' 53 תשלומי השתתפות עצמית,/bill/4453/,2011-07-11,חוק ביטוח בריאות ממלכתי תיקון מס' 53 תשלומי השתתפות עצמית,,אושרה,/api/v2/bill/4453/
תיקון מס' 8 איסור התקשרות,/bill/4302/,2011-07-11,חוק העסקת עובדים על ידי קבלני כוח אדם תיקון מס' 8 איסור התקשרות,,אושרה,/api/v2/bill/4302/
איסור הפליה מטעמים של ארץ מוצא א,/bill/2961/,2011-07-11,חוק זכויות התלמיד תיקון - איסור אפליה מטעמים של ארץ מוצא,,אושרה,/api/v2/bill/2961/
חוק חדש,/bill/2849/,2011-07-11,חוק איסור הטלת חרם חוק חדש,,אושרה,/api/v2/bill/2849/
סמכויות אכיפה - חיפוש בגוף ונטילת אמצעי זיהוי תיקון מס' 2,/bill/5699/,2011-07-04,חוק סדר הדין הפלילי סמכויות אכיפה - חיפוש בגוף ונטילת אמצעי זיהוי תיקון מס' 2,,אושרה,/api/v2/bill/5699/
"תיקון מס' 48 זכויות הורים מאמצים, הורים מיועדים והורים במשפחת אומנה",/bill/5631/,2011-06-27,"חוק עבודת נשים תיקון מס' 48 זכויות הורים מאמצים, הורים מיועדים והורים במשפחת אומנה",,אושרה,/api/v2/bill/5631/
 תיקון,/bill/5714/,2011-06-21,חוק הגנה על הציבור מפני עברייני מין  תיקון,,אושרה,/api/v2/bill/5714/
תיקון מס' 112 העלאת גיל המושגח,/bill/3900/,2011-06-21,חוק העונשין תיקון מס' 112 העלאת גיל המושגח,,אושרה,/api/v2/bill/3900/
 תיקוני חקיקה,/bill/9471/,2011-06-20,חוק דין משמעתי במשטרת ישראל ובשירות בתי הסוהר  תיקוני חקיקה,,אושרה,/api/v2/bill/9471/
תיקון החלת חוק שירות המדינה (משמעת,/bill/5686/,2011-06-06,חוק הרשות לשיקום האסיר תיקון החלת חוק שירות המדינה (משמעת,,אושרה,/api/v2/bill/5686/
תיקון מס' 41 מיסוי על בסיס מזומן,/bill/5300/,2011-06-06,חוק מס ערך מוסף תיקון מס' 41 מיסוי על בסיס מזומן,,אושרה,/api/v2/bill/5300/
תיקון - העלאת שכר מינימום בהדרגה,/bill/4581/,2011-06-06,חוק שכר מינימום (העלאת סכומי שכר מינימום - הוראת שעה) תיקון - העלאת שכר מינימום בהדרגה,,אושרה,/api/v2/bill/4581/
תיקון מס' 7 חסרי ישע,/bill/3179/,2011-06-06,חוק למניעת העסקה של עברייני מין במוסדות מסוימים תיקון מס' 7 חסרי ישע,,אושרה,/api/v2/bill/3179/
 תיקון מס` 29)(תיקון מס` 2,/bill/7470/,2011-05-30,חוק ההוצאה לפועל  תיקון מס` 29)(תיקון מס` 2,,אושרה,/api/v2/bill/7470/
תיקון מס' 32 רשמי הוצאה לפועל,/bill/5649/,2011-05-30,חוק הוצאה לפועל תיקון מס' 32 רשמי הוצאה לפועל,,אושרה,/api/v2/bill/5649/
ט ט1,/bill/6171/,2011-05-16,"חוק הבחירות לכנסת (תיקון מס' 60), התשע""א1102 1 (להלן  החוק העיקרי), בסעיף 21(ב), בחוק הבחירות לכנסת [נוסח משולב], התשכ ט ט1",,אושרה,/api/v2/bill/6171/
 יחידות סיוע,/bill/5640/,2011-05-16,חוק בתי דין דתיים  יחידות סיוע,,אושרה,/api/v2/bill/5640/
חוק חדש,/bill/5707/,2011-03-30,"חוק הטיס התש""ע-.2010 חוק חדש",,אושרה,/api/v2/bill/5707/
גמלאות תיקון מס' 24,/bill/5674/,2011-03-30,חוק שירות הקבע בצבא–הגנה לישראל גמלאות תיקון מס' 24,,אושרה,/api/v2/bill/5674/
 מנהל יחידת הנוער ומועצת תלמידים ונוער,/bill/5629/,2011-03-30,חוק הרשויות המקומיות  מנהל יחידת הנוער ומועצת תלמידים ונוער,,אושרה,/api/v2/bill/5629/
חוק חדש,/bill/5546/,2011-03-30,"חוק מיסוי רווחי נפט התשע""א-2011 חוק חדש",,אושרה,/api/v2/bill/5546/
 תיקוני חקיקה,/bill/5487/,2011-03-30,חוק להרחבת הייצוג ההולם לנשים  תיקוני חקיקה,,אושרה,/api/v2/bill/5487/
תיקון דחיית תחילה לעניין מכל משקה‬ אלכוהולי,/bill/5381/,2011-03-30,"חוק הפיקדון על מיכלי משקה (תיקון מס"" 4) תיקון דחיית תחילה לעניין מכל משקה‬ אלכוהולי",,אושרה,/api/v2/bill/5381/
תיקון מס' 47 אתרים ותכנים פוגעניים באינטרנט,/bill/4682/,2011-03-30,חוק התקשורת (בזק ושידורים) תיקון מס' 47 אתרים ותכנים פוגעניים באינטרנט,,אושרה,/api/v2/bill/4682/
תיקון‬ מס' 2 חזקת הפליה,/bill/4187/,2011-03-30,חוק איסור הפליה במוצרים תיקון‬ מס' 2 חזקת הפליה,,אושרה,/api/v2/bill/4187/
תיקון מס' 11 פרסום תמונתו של נפגע או נפטר,/bill/3147/,2011-03-30,חוק הגנת הפרטיות תיקון מס' 11 פרסום תמונתו של נפגע או נפטר,,אושרה,/api/v2/bill/3147/
מס' 21 הוספת סימון בשפה הרוסית,/bill/3051/,2011-03-30,חוק לתיקון פקודת הרוקחים מס' 21 הוספת סימון בשפה הרוסית,,אושרה,/api/v2/bill/3051/
תיקון - השתתפות רשות מקומית בהוצאות התקציב של מועצה דתית,/bill/2897/,2011-03-30,חוק שירותי הדת היהודיים תיקון - השתתפות רשות מקומית בהוצאות התקציב של מועצה דתית,,אושרה,/api/v2/bill/2897/
תיקון מס' 21 הארכת רישיון לעובד זר בתחום הסיעוד,/bill/5502/,2011-03-29,חוק הכניסה לישראל תיקון מס' 21 הארכת רישיון לעובד זר בתחום הסיעוד,,אושרה,/api/v2/bill/5502/
תיקון מס' 4 חברות הרב הצבאי הראשי במועצה,/bill/5283/,2011-03-29,חוק הרבנות הראשית לישראל תיקון מס' 4 חברות הרב הצבאי הראשי במועצה,,אושרה,/api/v2/bill/5283/
תיקון מס' 3 הגבלה על הקניה או העברה של זכויות במקרקעין‬ לזרים,/bill/3359/,2011-03-29,חוק המקרקעין תיקון מס' 3 הגבלה על הקניה או העברה של זכויות במקרקעין‬ לזרים,,אושרה,/api/v2/bill/3359/
חוק חדש,/bill/5728/,2011-03-28,"חוק למניעת מפגעי אסבסט התש""ע-2009 חוק חדש",,אושרה,/api/v2/bill/5728/
סמכויות פיקוח של המשרד להגנת הסביבה,/bill/4659/,2011-03-28,חוק אכיפה סביבתית סמכויות פיקוח של המשרד להגנת הסביבה,,אושרה,/api/v2/bill/4659/
 תיקוני חקיקה,/bill/3300/,2011-03-28,חוק להרחבת ייצוג הולם לבני העדה האתיופית בשירות הציבורי  תיקוני חקיקה,,אושרה,/api/v2/bill/3300/
תיקון - הוראות בדבר סיוג השלכות הרשעה פלילית בבתי דין צבאיים,/bill/3223/,2011-03-28,חוק השיפוט הצבאי תיקון - הוראות בדבר סיוג השלכות הרשעה פלילית בבתי דין צבאיים,,אושרה,/api/v2/bill/3223/
תיקון מס' 111 הרחבת איסור הפרסום בדבר מתן שירותי זנות‬ והחמרת הענישה,/bill/3133/,2011-03-28,חוק העונשין תיקון מס' 111 הרחבת איסור הפרסום בדבר מתן שירותי זנות‬ והחמרת הענישה,,אושרה,/api/v2/bill/3133/
תיקון מס' 10 ביטול אזרחות בשל הרשעה בעבירה,/bill/2973/,2011-03-28,חוק האזרחות תיקון מס' 10 ביטול אזרחות בשל הרשעה בעבירה,,אושרה,/api/v2/bill/2973/
תיקון מס' 39 הפחתת תקציב או תמיכה בשל פעילות נגד עקרונות‬ המדינה,/bill/3875/,2011-03-23,חוק יסודות התקציב תיקון מס' 39 הפחתת תקציב או תמיכה בשל פעילות נגד עקרונות‬ המדינה,,אושרה,/api/v2/bill/3875/
מס' 8 ועדות קבלה ביישובים קהילתיים,/bill/3562/,2011-03-23,חוק לתיקון פקודת האגודות השיתופיות מס' 8 ועדות קבלה ביישובים קהילתיים,,אושרה,/api/v2/bill/3562/
תיקון מס' 3 תשלום לבן זוג של פדוי שבי שהוכר לאחר‬ פטירתו,/bill/3059/,2011-03-23,חוק תשלומים לפדויי שבי תיקון מס' 3 תשלום לבן זוג של פדוי שבי שהוכר לאחר‬ פטירתו,,אושרה,/api/v2/bill/3059/
תיקון מס' 11 מתן מידע,/bill/5636/,2011-03-22,חוק האזרחים הוותיקים תיקון מס' 11 מתן מידע,,אושרה,/api/v2/bill/5636/
 תיקון מס' 4,/bill/5635/,2011-03-22,חוק דמי מחלה  תיקון מס' 4,,אושרה,/api/v2/bill/5635/
 תיקון מס' 6,/bill/5628/,2011-03-22,חוק הספורט  תיקון מס' 6,,אושרה,/api/v2/bill/5628/
תיקון מס' 96 פטור מהיטל השבחה בשל חיזוק מבנים מפני רעידות אדמה,/bill/5626/,2011-03-22,חוק התכנון והבנייה תיקון מס' 96 פטור מהיטל השבחה בשל חיזוק מבנים מפני רעידות אדמה,,אושרה,/api/v2/bill/5626/
תיקון מס' 28 מספר הסגנים בעיריית ירושלים,/bill/3842/,2011-03-22,חוק לתיקון פקודת העיריות תיקון מס' 28 מספר הסגנים בעיריית ירושלים,,אושרה,/api/v2/bill/3842/
תיקון מס' 18 כשירות קאדי־מד'הב,/bill/3371/,2011-03-15,חוק בתי הדין הדתיים הדרוזיים תיקון מס' 18 כשירות קאדי־מד'הב,,אושרה,/api/v2/bill/3371/
תיקון מס' 15 סייג להיטל על העסקת‬ עובד זר,/bill/5561/,2011-03-14,חוק התכנית הכלכלית להבראת כלכלת ישראל (תיקוני חקיקה להשגת יעדי התקציב והמדיניות הכלכלית לשנות הכספים 2003 ו-2004) תיקון מס' 15 סייג להיטל על העסקת‬ עובד זר,,אושרה,/api/v2/bill/5561/
תיקון מס' 3 הסדר לשוכר פרטי והוראות נוספות,/bill/5266/,2011-03-14,חוק יישום תכנית ההתנתקות תיקון מס' 3 הסדר לשוכר פרטי והוראות נוספות,,אושרה,/api/v2/bill/5266/
תיקון הגנת הסביבה – שימוש מושכל במשאבי הטבע – התייעלות‬ אנרגטית,/bill/4387/,2011-03-14,חוק התייעלות אנרגיה במבני ציבור תיקון הגנת הסביבה – שימוש מושכל במשאבי הטבע – התייעלות‬ אנרגטית,,אושרה,/api/v2/bill/4387/
תיקון מס' 31 הפעלת מעלית שבת,/bill/3333/,2011-03-14,חוק המקרקעין תיקון מס' 31 הפעלת מעלית שבת,,אושרה,/api/v2/bill/3333/
חוק חדש,/bill/2951/,2011-03-14,חוק הרשות הלאומית לפינוי מוקשים חוק חדש,,אושרה,/api/v2/bill/2951/
תיקון מס' 12 ייעול הממשל התאגידי,/bill/5693/,2011-03-07,חוק החברות תיקון מס' 12 ייעול הממשל התאגידי,,אושרה,/api/v2/bill/5693/
תיקון מס' 10 גמול והחזר הוצאות לחברי המליאה,/bill/5625/,2011-03-07,"חוק גנים לאומיים, שמורות טבע, אתרים לאומיים ואתרי הנצחה תיקון מס' 10 גמול והחזר הוצאות לחברי המליאה",,אושרה,/api/v2/bill/5625/
תיקון מס' 25 אי־תחולה על זכאים‬ לגמלה העובדים בתעשיות ביטחוניות ממשלתיות,/bill/2865/,2011-03-07,חוק שירות הקבע בצבא הגנה לישראל (גימלאות) תיקון מס' 25 אי־תחולה על זכאים‬ לגמלה העובדים בתעשיות ביטחוניות ממשלתיות,,אושרה,/api/v2/bill/2865/
חוק חדש,/bill/4840/,2011-02-28,חוק המרשם הישראלי לתורמי מח עצם חוק חדש,,אושרה,/api/v2/bill/4840/
תיקון מס' 125 תשלום תגמולים למשרתים במילואים באמצעות‬ מעביד,/bill/3419/,2011-02-28,חוק הביטוח הלאומי תיקון מס' 125 תשלום תגמולים למשרתים במילואים באמצעות‬ מעביד,,אושרה,/api/v2/bill/3419/
חוק חדש,/bill/3260/,2011-02-21,חוק חובת גילוי לגבי מי שנתמך על ידי ישות מדינית זרה חוק חדש,,אושרה,/api/v2/bill/3260/
שבח ורכישה הגדלת ההיצע של דירות מגורים - הוראת שעה,/bill/5630/,2011-02-16,חוק מיסוי מקרקעין שבח ורכישה הגדלת ההיצע של דירות מגורים - הוראת שעה,,אושרה,/api/v2/bill/5630/
תיקון מס' 32 התאמה לחוק־יסוד: הכנסת,/bill/3141/,2011-02-15,חוק הכנסת תיקון מס' 32 התאמה לחוק־יסוד: הכנסת,,אושרה,/api/v2/bill/3141/
תיקון מס' 126 הארכת התכנית הניסיונית,/bill/5426/,2011-02-14,חוק הביטוח הלאומי תיקון מס' 126 הארכת התכנית הניסיונית,,אושרה,/api/v2/bill/5426/
חוק חדש,/bill/2852/,2011-02-14,חוק הפסקת תשלום שכר חוק חדש,,אושרה,/api/v2/bill/2852/
תיקון מס' 33 מעבר מזיכיונות לרישיונות בשידורי טלוויזיה,/bill/5657/,2011-02-07,חוק הרשות השנייה לטלוויזיה ורדיו תיקון מס' 33 מעבר מזיכיונות לרישיונות בשידורי טלוויזיה,,אושרה,/api/v2/bill/5657/
תיקון מס' 36 הפסקת חברות של בעלי סמכות שפיטה וחידושה,/bill/5660/,2011-01-31,חוק לשכת עורכי הדין תיקון מס' 36 הפסקת חברות של בעלי סמכות שפיטה וחידושה,,אושרה,/api/v2/bill/5660/
 תיקון,/bill/5654/,2011-01-31,חוק המועצה הישראלית לצרכנות  תיקון,,אושרה,/api/v2/bill/5654/
תיקון - אי תיקון ליקויים,/bill/3870/,2011-01-25,חוק מבקר המדינה תיקון - אי תיקון ליקויים,,אושרה,/api/v2/bill/3870/
חוק חדש,/bill/5675/,2011-01-19,"חוק להסדרת הטיפול באריזות התש""ע-2010 חוק חדש",,אושרה,/api/v2/bill/5675/
 תיקוני חקיקה,/bill/5700/,2011-01-17,חוק ייעול הליכי האכיפה ברשות ניירות ערך  תיקוני חקיקה,,אושרה,/api/v2/bill/5700/
תיקוני חקיקה ליישום התכנית הכלכלית לשנים 2009 ו–2010 תיקון מס' 5,/bill/5641/,2011-01-17,חוק ההתייעלות הכלכלית תיקוני חקיקה ליישום התכנית הכלכלית לשנים 2009 ו–2010 תיקון מס' 5,,אושרה,/api/v2/bill/5641/
שירות במשטרה ושירות מוכר תיקון מס' 12,/bill/5637/,2011-01-17,חוק שירות ביטחון (תיקון מס' 7 והוראת שעה) שירות במשטרה ושירות מוכר תיקון מס' 12,,אושרה,/api/v2/bill/5637/
תיקון מס' 2 כללי פרשנות חוזה,/bill/3812/,2011-01-17,חוק החוזים (חלק כללי) תיקון מס' 2 כללי פרשנות חוזה,,אושרה,/api/v2/bill/3812/
מס' 19 בתי ספר שדה,/bill/3039/,2011-01-17,חוק לתיקון פקודת מסי העיריה ומסי הממשלה (פטורין) מס' 19 בתי ספר שדה,,אושרה,/api/v2/bill/3039/
תיקון - הקלת התנאים לאישור תוכנית חיזוק,/bill/3046/,2011-01-10,חוק המקרקעין (חיזוק בתים משותפים מפני רעידות אדמה) תיקון - הקלת התנאים לאישור תוכנית חיזוק,,אושרה,/api/v2/bill/3046/
תיקון מס' 9 ביטול חובת פרסום ברשומות,/bill/5671/,2011-01-03,חוק הפטנטים תיקון מס' 9 ביטול חובת פרסום ברשומות,,אושרה,/api/v2/bill/5671/
 מס' 179,/bill/5645/,2011-01-03,חוק לתיקון פקודת מס הכנסה  מס' 179,,אושרה,/api/v2/bill/5645/
תיקון מס' 44 דחיית פירעון התחייבות של חברה ציבורית כלפי בעל‬ שליטה,/bill/5324/,2011-01-03,חוק ניירות ערך תיקון מס' 44 דחיית פירעון התחייבות של חברה ציבורית כלפי בעל‬ שליטה,,אושרה,/api/v2/bill/5324/
תיקון מס' 40 פטור מדמי חכירה ליישובי קו עימות,/bill/3275/,2011-01-03,חוק יסודות התקציב תיקון מס' 40 פטור מדמי חכירה ליישובי קו עימות,,אושרה,/api/v2/bill/3275/
תיקון - העדפת תוצרת הארץ במכרזי מערכת הביטחון - הארכת הוראת שעה,/bill/6997/,2010-12-21,"חוק חובת המכרזים (תיקון מס"" 20 - הוראת שעה) תיקון - העדפת תוצרת הארץ במכרזי מערכת הביטחון - הארכת הוראת שעה",,אושרה,/api/v2/bill/6997/
מס' 18 איסור שיווק תמרוק שבתהליך ייצורו נערך ניסוי‬ בבעלי חיים,/bill/3694/,2010-12-21,חוק צער בעלי חיים (ניסויים בבעלי חיים) מס' 18 איסור שיווק תמרוק שבתהליך ייצורו נערך ניסוי‬ בבעלי חיים,,אושרה,/api/v2/bill/3694/
 שבח ורכישה,/bill/8218/,2010-12-20,חוק מיסוי מקרקעין  שבח ורכישה,,אושרה,/api/v2/bill/8218/
תיקון מס' 27 כשירות לכהונה כדירקטור,/bill/3886/,2010-12-13,חוק החברות הממשלתיות תיקון מס' 27 כשירות לכהונה כדירקטור,,אושרה,/api/v2/bill/3886/
תיקון מס' 6 טיפול בידי פסיכולוג מומחה,/bill/3336/,2010-12-13,חוק הפסיכולוגים תיקון מס' 6 טיפול בידי פסיכולוג מומחה,,אושרה,/api/v2/bill/3336/
תיקון מס' 31 ביטול נציב הדורות הבאים לכנסת,/bill/2956/,2010-12-13,חוק הכנסת תיקון מס' 31 ביטול נציב הדורות הבאים לכנסת,,אושרה,/api/v2/bill/2956/
מס' 98 מידע על שירותי תחבורה ציבורית,/bill/3529/,2010-12-07,חוק לתיקון פקודת התעבורה מס' 98 מידע על שירותי תחבורה ציבורית,,אושרה,/api/v2/bill/3529/
תיקון מס' 5 רכישת דגלי המדינה מתוצרת הארץ,/bill/2944/,2010-12-07,חוק הדגל תיקון מס' 5 רכישת דגלי המדינה מתוצרת הארץ,,אושרה,/api/v2/bill/2944/
 תיקוני חקיקה,/bill/5682/,2010-11-29,חוק להחלפת המונח פקיד סעד  תיקוני חקיקה,,אושרה,/api/v2/bill/5682/
מס' 97 ריכוז אלכוהול שונה לנהגים מסוימים‬ בבדיקת שכרות,/bill/5009/,2010-11-29,חוק לתיקון פקודת התעבורה מס' 97 ריכוז אלכוהול שונה לנהגים מסוימים‬ בבדיקת שכרות,,אושרה,/api/v2/bill/5009/
מס' 121 ועדה למיגור אלימות,/bill/2871/,2010-11-29,חוק הרשויות המקומיות מס' 121 ועדה למיגור אלימות,,אושרה,/api/v2/bill/2871/
 תיקון מס' 62,/bill/5733/,2010-11-15,חוק סדר הדין הפלילי  תיקון מס' 62,,אושרה,/api/v2/bill/5733/
תיקון מס' 29 תיקון,/bill/5647/,2010-11-15,חוק ההוצאה לפועל תיקון מס' 29 תיקון,,אושרה,/api/v2/bill/5647/
מס' 96 הצבת תמרור במקום חניה לנכה,/bill/4814/,2010-11-15,חוק חניה לנכים מס' 96 הצבת תמרור במקום חניה לנכה,,אושרה,/api/v2/bill/4814/
מס' 99 סייגים להגבלת שעות חניה של נכים,/bill/3084/,2010-11-08,חוק לתיקון פקודת התעבורה מס' 99 סייגים להגבלת שעות חניה של נכים,,אושרה,/api/v2/bill/3084/
 תיקוני חקיקה,/bill/3489/,2010-11-02,חוק דיווח לוועדת החוץ והביטחון על פעילות אגף השיקום ואגף משפחות והנצחה במשרד הביטחון  תיקוני חקיקה,,אושרה,/api/v2/bill/3489/
תיקון - דיווח על שינוי בפרטים המשפיעים על זכאות לגמלה,/bill/6591/,2010-11-01,"חוק הביטוח הלאומי (תיקון מס"" 122) תיקון - דיווח על שינוי בפרטים המשפיעים על זכאות לגמלה",,אושרה,/api/v2/bill/6591/
 חיילות בשירות קבע,/bill/3388/,2010-11-01,חוק  הגבלת פיטורים עקב הריון של נשים בשירות קבע  חיילות בשירות קבע,,אושרה,/api/v2/bill/3388/
חוק חדש,/bill/6823/,2010-10-18,חוק שירות המדינה חוק חדש,,אושרה,/api/v2/bill/6823/
תיקון מס' 7 פטור ממתן התחייבות,/bill/5664/,2010-10-18,חוק עזרה משפטית בין מדינות תיקון מס' 7 פטור ממתן התחייבות,,אושרה,/api/v2/bill/5664/
חוק חדש,/bill/3894/,2010-10-12,חוק המרכז להנצחת זכרו של זלמן שזר חוק חדש,,אושרה,/api/v2/bill/3894/
תיקון מס' 3 הרחבת ההגדרה מדינה אחרת,/bill/5719/,2010-07-21,חוק לנשיאת עונש מאסר במדינת אזרחותו של האסיר תיקון מס' 3 הרחבת ההגדרה מדינה אחרת,,אושרה,/api/v2/bill/5719/
תיקון מס' 27 עסקה מתמשכת בעניין שירותי רפואה,/bill/5713/,2010-07-21,חוק הגנת הצרכן תיקון מס' 27 עסקה מתמשכת בעניין שירותי רפואה,,אושרה,/api/v2/bill/5713/
 תיקון מס' 2,/bill/5702/,2010-07-21,חוק כליאתם של לוחמים בלתי חוקיים  תיקון מס' 2,,אושרה,/api/v2/bill/5702/
 תיקון מס' 13,/bill/5679/,2010-07-21,חוק קליטת חיילים משוחררים  תיקון מס' 13,,אושרה,/api/v2/bill/5679/
החלת הוראות פקודת התעבורה על רכבת מקומית - הוראת שעה תיקון,/bill/5663/,2010-07-21,חוק התעבורה החלת הוראות פקודת התעבורה על רכבת מקומית - הוראת שעה תיקון,,אושרה,/api/v2/bill/5663/
 תיקון מס' 5,/bill/5662/,2010-07-21,חוק השאלת ספרי לימוד  תיקון מס' 5,,אושרה,/api/v2/bill/5662/
היוועדות חזותית - הוראת שעה תיקון מס' 3,/bill/5661/,2010-07-21,חוק סדר הדין הפלילי (סמכויות אכיפה - מעצרים) היוועדות חזותית - הוראת שעה תיקון מס' 3,,אושרה,/api/v2/bill/5661/
מס' 17 סימון ייעוד תרופה על אריזה של‬ תכשיר בלא מרשם,/bill/5005/,2010-07-21,חוק לתיקון פקודת הרוקחים מס' 17 סימון ייעוד תרופה על אריזה של‬ תכשיר בלא מרשם,,אושרה,/api/v2/bill/5005/
תיקון מס' 9 זכאות של אזרחים ותיקים להטבות,/bill/4952/,2010-07-21,חוק האזרחים הותיקים תיקון מס' 9 זכאות של אזרחים ותיקים להטבות,,אושרה,/api/v2/bill/4952/
תיקון מס' 44 העברה ללא תשלום של שידורי ערוץ‬ ייעודי,/bill/4381/,2010-07-21,חוק התקשורת (בזק ושידורים) תיקון מס' 44 העברה ללא תשלום של שידורי ערוץ‬ ייעודי,,אושרה,/api/v2/bill/4381/
תיקון מס' 4 פטור ממסים,/bill/3855/,2010-07-21,חוק המוסד העליון ללשון העברית תיקון מס' 4 פטור ממסים,,אושרה,/api/v2/bill/3855/
תיקון מס' 14 איסור העסקה בשעות הלימודים,/bill/3709/,2010-07-21,חוק לימוד חובה תיקון מס' 14 איסור העסקה בשעות הלימודים,,אושרה,/api/v2/bill/3709/
תיקון - תלמידי בתי ספר לאמנות,/bill/3608/,2010-07-21,חוק זכויות הסטודנט תיקון - תלמידי בתי ספר לאמנות,,אושרה,/api/v2/bill/3608/
תיקון מס' 26 הגבלה של מכירת משקאות משכרים,/bill/3563/,2010-07-21,חוק העונשין תיקון מס' 26 הגבלה של מכירת משקאות משכרים,,אושרה,/api/v2/bill/3563/
מס' 120 קובלנה נגד עובד רשות מקומית,/bill/3522/,2010-07-21,חוק לתיקון פקודת העיריות מס' 120 קובלנה נגד עובד רשות מקומית,,אושרה,/api/v2/bill/3522/
תיקון מס' 59 הצבעת חברי ועדת קלפי,/bill/3234/,2010-07-21,חוק הבחירות לכנסת תיקון מס' 59 הצבעת חברי ועדת קלפי,,אושרה,/api/v2/bill/3234/
בתי עלמין שאינם למטרות רווח,/bill/3190/,2010-07-21,חוק לתיקון פקודת מסי העיריה ומסי הממשלה (פיטורין) בתי עלמין שאינם למטרות רווח,,אושרה,/api/v2/bill/3190/
תיקון מס' 2 מטרות ודרכי פעולה,/bill/3106/,2010-07-21,חוק האקדמיה הלאומית הישראלית למדעים תיקון מס' 2 מטרות ודרכי פעולה,,אושרה,/api/v2/bill/3106/
תיקון מס' 9 דחיית המועד לחובת הנגישות,/bill/3021/,2010-07-21,"חוק שוויון זכויות לאנשים עם מוגבלות (תיקון מס"" 2) תיקון מס' 9 דחיית המועד לחובת הנגישות",,אושרה,/api/v2/bill/3021/
 ביטול איחוד המועצות המקומיות באקה אל גרבייה וג'ת,/bill/2932/,2010-07-21,חוק הרשויות המקומיות  ביטול איחוד המועצות המקומיות באקה אל גרבייה וג'ת,,אושרה,/api/v2/bill/2932/
תיקון מס' 30 אישור על ידי ועדת משנה חסויה,/bill/2925/,2010-07-21,חוק הכנסת תיקון מס' 30 אישור על ידי ועדת משנה חסויה,,אושרה,/api/v2/bill/2925/
תיקון מס' 2 פיצוי לעסקים ולעובדים,/bill/2891/,2010-07-21,חוק יישום תכנית ההתנתקות תיקון מס' 2 פיצוי לעסקים ולעובדים,,אושרה,/api/v2/bill/2891/
תיקון מס' 3 דיונים בחקיקת משנה,/bill/6208/,2010-07-12,חוק להגנה על עדים תיקון מס' 3 דיונים בחקיקת משנה,,אושרה,/api/v2/bill/6208/
מס' 175 תקופת שומה מיוחדת,/bill/5688/,2010-07-12,חוק לתיקון פקודת מס הכנסה מס' 175 תקופת שומה מיוחדת,,אושרה,/api/v2/bill/5688/
תיקון מס' 13 חינוך ממלכתי משלב,/bill/5672/,2010-07-12,חוק חינוך ממלכתי תיקון מס' 13 חינוך ממלכתי משלב,,אושרה,/api/v2/bill/5672/
תיקון מס' 10 יועץ לענייני אזרחים ותיקים ברשות מקומית,/bill/5669/,2010-07-12,חוק האזרחים הוותיקים תיקון מס' 10 יועץ לענייני אזרחים ותיקים ברשות מקומית,,אושרה,/api/v2/bill/5669/
תיקון מס' 4 התקן תדלוק אוטומטי כללי,/bill/4855/,2010-07-12,חוק משק הדלק (קידום התחרות) תיקון מס' 4 התקן תדלוק אוטומטי כללי,,אושרה,/api/v2/bill/4855/
תיקון מס' 4 מיזם חקלאי־תיירותי משולב,/bill/3929/,2010-07-12,חוק הרשות לפיתוח הנגב תיקון מס' 4 מיזם חקלאי־תיירותי משולב,,אושרה,/api/v2/bill/3929/
חוק חדש,/bill/3871/,2010-07-06,חוק מוזיאון הכנסת חוק חדש,,אושרה,/api/v2/bill/3871/
תיקון מס' 6 יחסי מרות ותלות – הרחבה,/bill/3834/,2010-07-05,חוק למניעת הטרדה מינית תיקון מס' 6 יחסי מרות ותלות – הרחבה,,אושרה,/api/v2/bill/3834/
תיקון מס' 50 איסור פיצול מרשמים,/bill/3245/,2010-07-05,חוק ביטוח בריאות ממלכתי תיקון מס' 50 איסור פיצול מרשמים,,אושרה,/api/v2/bill/3245/
 מס' 7,/bill/5712/,2010-06-28,חוק לתיקון פקודת סימני מסחר  מס' 7,,אושרה,/api/v2/bill/5712/
תיקון מס' 11 הנחה בארנונה בנכס המשמש למגורי נכה נפש,/bill/4301/,2010-06-28,חוק שיקום נכי נפש בקהילה תיקון מס' 11 הנחה בארנונה בנכס המשמש למגורי נכה נפש,,אושרה,/api/v2/bill/4301/
תיקון מס' 14 נטל ההוכחה,/bill/4252/,2010-06-28,חוק שוויון ההזדמנויות בעבודה תיקון מס' 14 נטל ההוכחה,,אושרה,/api/v2/bill/4252/
מס' 4 סימון סוכרים במזון,/bill/3397/,2010-06-28,חוק לתיקון פקודת בריאות הציבור (מזון) מס' 4 סימון סוכרים במזון,,אושרה,/api/v2/bill/3397/
תיקון מס' 29 מספר הסגנים ליושב ראש הכנסת,/bill/3140/,2010-06-28,חוק הכנסת תיקון מס' 29 מספר הסגנים ליושב ראש הכנסת,,אושרה,/api/v2/bill/3140/
תיקון מס' 94 דרך גישה לאנשים עם מוגבלות,/bill/3931/,2010-06-22,חוק התכנון והבניה תיקון מס' 94 דרך גישה לאנשים עם מוגבלות,,אושרה,/api/v2/bill/3931/
תיקון מס' 12 הארכת כהונה,/bill/3383/,2010-06-22,חוק חינוך ממלכתי תיקון מס' 12 הארכת כהונה,,אושרה,/api/v2/bill/3383/
תיקון - חובת אזהרה בזירת סוחר,/bill/5861/,2010-06-08,"חוק ניירות ערך (תיקון מס"" 42) תיקון - חובת אזהרה בזירת סוחר",,אושרה,/api/v2/bill/5861/
חוק חדש,/bill/3532/,2010-06-08,חוק תרומת ביציות חוק חדש,,אושרה,/api/v2/bill/3532/
הוראת שעה תיקון מס' 3,/bill/5692/,2010-05-24,"חוק גלי צה""ל - שידורי רדיו של צבא הגנה לישראל (שידורי חסות ותשדירי שירות) הוראת שעה תיקון מס' 3",,אושרה,/api/v2/bill/5692/
תיקון מס' 12 בחירת יום חופשה,/bill/3654/,2010-05-18,חוק חופשה שנתית תיקון מס' 12 בחירת יום חופשה,,אושרה,/api/v2/bill/3654/
תיקון - הרחבת הזכאות לקבלת פיקדון,/bill/2927/,2010-05-04,חוק קליטת חיילים משוחררים תיקון - הרחבת הזכאות לקבלת פיקדון,,אושרה,/api/v2/bill/2927/
תיקון מס' 13 העברת סמכויות וממונה על זכויות עובדים זרים,/bill/5766/,2010-03-18,חוק עובדים זרים תיקון מס' 13 העברת סמכויות וממונה על זכויות עובדים זרים,,אושרה,/api/v2/bill/5766/
הוראות שעה תיקון מס' 13,/bill/5711/,2010-03-18,חוק שהייה שלא כדין (איסור סיוע) הוראות שעה תיקון מס' 13,,אושרה,/api/v2/bill/5711/
הוראת שעה תיקון,/bill/5697/,2010-03-18,חוק סיוע לשדרות וליישובי הנגב המערבי הוראת שעה תיקון,,אושרה,/api/v2/bill/5697/
תיקון איסור העסקת ילדים בפרסום בוטה,/bill/5074/,2010-03-18,חוק עבודת הנוער תיקון איסור העסקת ילדים בפרסום בוטה,,אושרה,/api/v2/bill/5074/
חוק חדש,/bill/4838/,2010-03-18,חוק מתן אזרחות של כבוד לחללי מלחמת הקוממיות חוק חדש,,אושרה,/api/v2/bill/4838/
תיקון מס' 92 ביקורת ותקציב ועדה מקומית,/bill/4627/,2010-03-18,חוק חובת פרסום תקציב התכנון והבניה וחובת הביקורת עליו תיקון מס' 92 ביקורת ותקציב ועדה מקומית,,אושרה,/api/v2/bill/4627/
תיקון פטור למוסד ציבורי,/bill/4592/,2010-03-18,חוק לתיקון פקודת תעריף המכס והפטורים תיקון פטור למוסד ציבורי,,אושרה,/api/v2/bill/4592/
מס' 17 פטור מארנונה לבתי‬ כנסת,/bill/4512/,2010-03-18,חוק לתיקון פקודת מסי העירייה ומסי הממשלה (פטורין) מס' 17 פטור מארנונה לבתי‬ כנסת,,אושרה,/api/v2/bill/4512/
חוק חדש,/bill/3697/,2010-03-18,חוק עבודת נשים חוק חדש,,אושרה,/api/v2/bill/3697/
תיקון מס' 48 הרחבת הטיפולים הפארה־רפואיים לילדים‬ המצויים בספקטרום האוטיסטי,/bill/3516/,2010-03-17,חוק ביטוח בריאות ממלכתי תיקון מס' 48 הרחבת הטיפולים הפארה־רפואיים לילדים‬ המצויים בספקטרום האוטיסטי,,אושרה,/api/v2/bill/3516/
תיקון מס' 3 הארכת התליית ההיטל בעד צריכת מים עודפת,/bill/3399/,2010-03-17,חוק ההתייעלות הכלכלית (תיקוני חקיקה ליישום התכנית הכלכלית לשנים 2009 ו-2010) תיקון מס' 3 הארכת התליית ההיטל בעד צריכת מים עודפת,,אושרה,/api/v2/bill/3399/
חוק חדש,/bill/5744/,2010-03-16,"חוק ברית הזוגיות לחסרי דת התשס""ט-2009 חוק חדש",,אושרה,/api/v2/bill/5744/
מס' 4 ביטול ההגבלה על מספר החברים בשותפות‬ מקצועית,/bill/3837/,2010-03-16,חוק לתיקון פקודת השותפויות מס' 4 ביטול ההגבלה על מספר החברים בשותפות‬ מקצועית,,אושרה,/api/v2/bill/3837/
תיקון מס' 35 רכב בשווי נמוך,/bill/3779/,2010-03-16,חוק הבטחת הכנסה תיקון מס' 35 רכב בשווי נמוך,,אושרה,/api/v2/bill/3779/
תיקון מס' 2 יום הסטודנט הלאומי,/bill/4687/,2010-03-10,חוק יום הסטודנט הלאומי תיקון מס' 2 יום הסטודנט הלאומי,,אושרה,/api/v2/bill/4687/
תיקון מס' 14 מסירת מידע להורה,/bill/4385/,2010-03-10,חוק מסירת מידע להורה תיקון מס' 14 מסירת מידע להורה,,אושרה,/api/v2/bill/4385/
מס' 16 בתי ספר מקצועיים,/bill/4043/,2010-03-10,חוק לתיקון פקודת מסי העיריה ומסי הממשלה (פטורין) מס' 16 בתי ספר מקצועיים,,אושרה,/api/v2/bill/4043/
תיקון מס' 2 ביטול התיישנות,/bill/3610/,2010-03-10,חוק תשלומים לפדויי שבי תיקון מס' 2 ביטול התיישנות,,אושרה,/api/v2/bill/3610/
תיקון סמכויות מאבטחים,/bill/5709/,2010-03-09,חוק להגנה על עדים תיקון סמכויות מאבטחים,,אושרה,/api/v2/bill/5709/
תיקון מס' 15 תשלום למודיע על השלכת פסולת בניין שלא כדין,/bill/3987/,2010-03-09,חוק שמירת הנקיון תיקון מס' 15 תשלום למודיע על השלכת פסולת בניין שלא כדין,,אושרה,/api/v2/bill/3987/
מס' 119 חלוקת הכנסות,/bill/3916/,2010-03-09,חוק לתיקון פקודת העיריות מס' 119 חלוקת הכנסות,,אושרה,/api/v2/bill/3916/
 מס' 3,/bill/5739/,2010-03-03,חוק לתיקון פקודת הסטטיסטיקה  מס' 3,,אושרה,/api/v2/bill/5739/
תיקון מס' 4 איסור הפליה בשל גיל,/bill/4776/,2010-03-03,חוק זכויות החולה תיקון מס' 4 איסור הפליה בשל גיל,,אושרה,/api/v2/bill/4776/
תיקון מס' 4 ריבית מיוחדת,/bill/4897/,2010-02-24,חוק חוזה הביטוח תיקון מס' 4 ריבית מיוחדת,,אושרה,/api/v2/bill/4897/
רישוי תיקון מס' 15,/bill/5745/,2010-02-23,חוק הבנקאות רישוי תיקון מס' 15,,אושרה,/api/v2/bill/5745/
חוק חדש,/bill/4089/,2010-02-23,חוק לפיצוי פליטים יהודים מארצות ערב במסגרת תהליך השלום חוק חדש,,אושרה,/api/v2/bill/4089/
תיקון מס' 26 התקנת אביזרים לחיסכון במים בגופים ציבוריים,/bill/4210/,2010-02-17,חוק הגנת הסביבה תיקון מס' 26 התקנת אביזרים לחיסכון במים בגופים ציבוריים,,אושרה,/api/v2/bill/4210/
תיקון - הגבלת גיל למתן רשיון כלי יריה ולאימון במטווח,/bill/3960/,2010-02-15,חוק כלי היריה תיקון - הגבלת גיל למתן רשיון כלי יריה ולאימון במטווח,,אושרה,/api/v2/bill/3960/
" ערר, ערעור ועתירה על החלטות הנוגעות לחיילים בשירות קבע",/bill/5731/,2010-02-09,"חוק שירות הקבע בצבא–הגנה לישראל  ערר, ערעור ועתירה על החלטות הנוגעות לחיילים בשירות קבע",,אושרה,/api/v2/bill/5731/
תיקון מס' 13 הגברת האכיפה,/bill/5006/,2010-02-09,חוק שוויון ההזדמנויות בעבודה תיקון מס' 13 הגברת האכיפה,,אושרה,/api/v2/bill/5006/
תיקון מס' 14 מכרז להתקשרות‬ עם חברה סוחרת,/bill/4469/,2010-02-09,חוק השקעות משותפות בנאמנות תיקון מס' 14 מכרז להתקשרות‬ עם חברה סוחרת,,אושרה,/api/v2/bill/4469/
תיקון מס' 27 היעדרות קרוב משפחה מעבודה,/bill/4104/,2010-02-09,חוק יום הזיכרון לחללי מערכות ישראל תיקון מס' 27 היעדרות קרוב משפחה מעבודה,,אושרה,/api/v2/bill/4104/
תיקון מס' 118 הארכת מועדים,/bill/4433/,2010-01-27,חוק הביטוח הלאומי תיקון מס' 118 הארכת מועדים,,אושרה,/api/v2/bill/4433/
תיקון מס' 48 הרחבת איסור הפיטורים במהלך טיפולי פוריות,/bill/4857/,2010-01-26,חוק עבודת נשים תיקון מס' 48 הרחבת איסור הפיטורים במהלך טיפולי פוריות,,אושרה,/api/v2/bill/4857/
תיקון מס' 120 זכאות לגמלת סיעוד למבוטח שאושפז,/bill/4715/,2010-01-26,חוק הביטוח הלאומי תיקון מס' 120 זכאות לגמלת סיעוד למבוטח שאושפז,,אושרה,/api/v2/bill/4715/
תיקון - הארכת זיכיון לשידורי הערוץ השלישי,/bill/3612/,2010-01-26,חוק הרשות השניה לטלויזיה ורדיו תיקון - הארכת זיכיון לשידורי הערוץ השלישי,,אושרה,/api/v2/bill/3612/
תיקון מס' 22 תרגום הודעות חירום,/bill/5008/,2010-01-12,חוק רשות השידור תיקון מס' 22 תרגום הודעות חירום,,אושרה,/api/v2/bill/5008/
תיקון מס' 47 פטור לתורם אבר,/bill/4784/,2010-01-05,חוק ביטוח בריאות ממלכתי תיקון מס' 47 פטור לתורם אבר,,אושרה,/api/v2/bill/4784/
חוק חדש,/bill/4947/,2009-12-29,חוק רשות השידור חוק חדש,,אושרה,/api/v2/bill/4947/
תיקון מס' 8 זכאות להטבות למי שאינו זכאי לגמלה להבטחת‬ הכנסה בשל הכנסה מפנסיה,/bill/4709/,2009-12-29,חוק מתן הטבות והנחות למקבלי פנסיה תיקון מס' 8 זכאות להטבות למי שאינו זכאי לגמלה להבטחת‬ הכנסה בשל הכנסה מפנסיה,,אושרה,/api/v2/bill/4709/
תיקון מס' 25 מניעת פיטורים מחזוריים,/bill/4114/,2009-12-29,חוק פיצויי פיטורים תיקון מס' 25 מניעת פיטורים מחזוריים,,אושרה,/api/v2/bill/4114/
שבח ורכישה תיקון מס' 66,/bill/5732/,2009-12-23,חוק מיסוי מקרקעין שבח ורכישה תיקון מס' 66,,אושרה,/api/v2/bill/5732/
מס' 56 שמות רחובות,/bill/4079/,2009-12-22,חוק לתיקון פקודת המועצות המקומיות מס' 56 שמות רחובות,,אושרה,/api/v2/bill/4079/
תיקון מס' 12 מיזוג עמותות,/bill/3951/,2009-12-22,חוק העמותות תיקון מס' 12 מיזוג עמותות,,אושרה,/api/v2/bill/3951/
תיקון מס' 2 התליית ההיטל בשל צריכת מים עודפת,/bill/3553/,2009-12-22,חוק ההתייעלות הכלכלית (תיקוני חקיקה ליישום התכנית הכלכלית לשנים 2009 ו-2010) תיקון מס' 2 התליית ההיטל בשל צריכת מים עודפת,,אושרה,/api/v2/bill/3553/
 מקרים מיוחדים וסמכות בין–לאומית,/bill/5740/,2009-12-14,חוק שיפוט בענייני התרת נישואין  מקרים מיוחדים וסמכות בין–לאומית,,אושרה,/api/v2/bill/5740/
תיקון מס' 63 חזקת מסירה לעניין נהיגה בזמן פסילה,/bill/4349/,2009-12-14,חוק סדר הדין הפלילי תיקון מס' 63 חזקת מסירה לעניין נהיגה בזמן פסילה,,אושרה,/api/v2/bill/4349/
תיקון מס' 115 הכשרת רופא המוסמך לקבוע דרגת נכות,/bill/5738/,2009-12-08,חוק הביטוח הלאומי תיקון מס' 115 הכשרת רופא המוסמך לקבוע דרגת נכות,,אושרה,/api/v2/bill/5738/
 תיקון מס' 2,/bill/5737/,2009-12-08,חוק התובלה האווירית  תיקון מס' 2,,אושרה,/api/v2/bill/5737/
תיקון מס' 13 הפסקה בעבודה – שימוש בחדר שירותים,/bill/5007/,2009-12-08,חוק שעות עבודה ומנוחה תיקון מס' 13 הפסקה בעבודה – שימוש בחדר שירותים,,אושרה,/api/v2/bill/5007/
חוק חדש,/bill/4194/,2009-12-08,חוק הכללת אמצעי זיהוי ביומטריים במסמכי זיהוי ובמאגר מידע חוק חדש,,אושרה,/api/v2/bill/4194/
תיקון מס' 67 הקלות במס לבניין חדש להשכרה,/bill/3888/,2009-12-08,חוק לעידוד השקעות הון תיקון מס' 67 הקלות במס לבניין חדש להשכרה,,אושרה,/api/v2/bill/3888/
"תיקון מס"" 30",/bill/5295/,2009-11-24,"חוק משפחות חיילים שנספו במערכה (תגמולים ושיקום) תיקון מס"" 30",,אושרה,/api/v2/bill/5295/
תיקון - תפקיד הלשכה,/bill/4094/,2009-11-24,חוק לשכת עורכי הדין תיקון - תפקיד הלשכה,,אושרה,/api/v2/bill/4094/
תיקוני חקיקה הרכב ועדת המינויים,/bill/3854/,2009-11-24,חוק בתי הדין הדתיים הדרוזיים תיקוני חקיקה הרכב ועדת המינויים,,אושרה,/api/v2/bill/3854/
 מס' 171 והוראות שעה,/bill/5752/,2009-11-17,חוק לתיקון פקודת מס הכנסה  מס' 171 והוראות שעה,,אושרה,/api/v2/bill/5752/
תיקון מס' 9 ביזוי אדם בשל גיל,/bill/4163/,2009-11-10,חוק איסור לשון הרע תיקון מס' 9 ביזוי אדם בשל גיל,,אושרה,/api/v2/bill/4163/
 החלת הוראות פקודת התעבורה על רכבת מקומית - הוראת שעה,/bill/5736/,2009-11-03,חוק התעבורה  החלת הוראות פקודת התעבורה על רכבת מקומית - הוראת שעה,,אושרה,/api/v2/bill/5736/
מס' 92 חניה בתחנת אוטובוס בימי מנוחה,/bill/4262/,2009-10-27,חוק לתיקון פקודת התעבורה מס' 92 חניה בתחנת אוטובוס בימי מנוחה,,אושרה,/api/v2/bill/4262/
תרומה לקרן לאומית או למוסד ציבורי בשנת המס 2009 הוראת שעה,/bill/5755/,2009-10-20,חוק מס הכנסה תרומה לקרן לאומית או למוסד ציבורי בשנת המס 2009 הוראת שעה,,אושרה,/api/v2/bill/5755/
היוועדות חזותית - הוראת שעה תיקון מס' 2,/bill/5741/,2009-10-13,חוק סדר הדין הפלילי (סמכויות אכיפה - מעצרים) היוועדות חזותית - הוראת שעה תיקון מס' 2,,אושרה,/api/v2/bill/5741/
 תיקון מס' 7,/bill/5753/,2009-08-03,חוק הסכמים קיבוציים  תיקון מס' 7,,אושרה,/api/v2/bill/5753/
הוראת שעה תיקון,/bill/5749/,2009-07-27,חוק הקולנוע הוראת שעה תיקון,,אושרה,/api/v2/bill/5749/
 תיקון מס' 2,/bill/5748/,2009-07-27,חוק זכויות התלמיד  תיקון מס' 2,,אושרה,/api/v2/bill/5748/
מימון בחירות הוראת שעה,/bill/4243/,2009-07-27,חוק הרשויות המקומיות (מימון בחירות) מימון בחירות הוראת שעה,,אושרה,/api/v2/bill/4243/
תיקון מס' 20 אישור ועדת העבודה הרווחה‬ והבריאות לשינוי התקנון האחיד,/bill/4013/,2009-07-27,חוק הפיקוח על שירותים פיננסיים (ביטוח) תיקון מס' 20 אישור ועדת העבודה הרווחה‬ והבריאות לשינוי התקנון האחיד,,אושרה,/api/v2/bill/4013/
תיקון מס' 11 דרכי ההשתתפות של רשות חינוך מקומית בתקציב של‬ מוסדות חינוך מוכרים לא רשמיים,/bill/3912/,2009-07-27,חוק מוסדות חינוך מוכרים חרדים תיקון מס' 11 דרכי ההשתתפות של רשות חינוך מקומית בתקציב של‬ מוסדות חינוך מוכרים לא רשמיים,,אושרה,/api/v2/bill/3912/
שירות במשטרה ושירות מוכר תיקון מס' 10,/bill/5764/,2009-07-20,חוק שירות ביטחון (תיקון מס' 7 והוראת שעה) שירות במשטרה ושירות מוכר תיקון מס' 10,,אושרה,/api/v2/bill/5764/
תיקון מס' 2 דיין עמית,/bill/4717/,2009-07-20,חוק הדיינים תיקון מס' 2 דיין עמית,,אושרה,/api/v2/bill/4717/
תיקון - מסירת הודעה לנערים עובדים בתוך שבעה ימים,/bill/4297/,2009-07-20,חוק הודעה לעובד (תנאי עבודה) תיקון - מסירת הודעה לנערים עובדים בתוך שבעה ימים,,אושרה,/api/v2/bill/4297/
 מס' 170,/bill/5756/,2009-07-13,חוק לתיקון פקודת מס הכנסה  מס' 170,,אושרה,/api/v2/bill/5756/
תיקוני חקיקה,/bill/6005/,2009-07-07,חוק התקשורת (המשך שידורי חדשות מקומיות בטלוויזיה) תיקוני חקיקה,,אושרה,/api/v2/bill/6005/
תיקון דחיית המועד הקובע,/bill/5758/,2009-06-23,חוק לשכת עורכי הדין תיקון דחיית המועד הקובע,,אושרה,/api/v2/bill/5758/
 הוראת שעה,/bill/5757/,2009-06-17,חוק לתשלום חלקי של דמי הבראה בשירות הציבורי בשנים 2009 ו–2010  הוראת שעה,,אושרה,/api/v2/bill/5757/
תיקון - ייצוג הסיעות בנשיאות הכנסת,/bill/6885/,2009-05-06,חוק הכנסת (מספר הסגנים ליושב ראש הכנסת בתקופת כהונתה של הכנסת השמונה-עשרה) תיקון - ייצוג הסיעות בנשיאות הכנסת,,אושרה,/api/v2/bill/6885/
